2019-08-08 13:52:51;SimpleConsoleRust;0;1;status [204 No Content] body [Ok("")];200;596
2019-08-08 13:52:51;SimpleConsoleRust;0;4;status [204 No Content] body [Ok("")];200;595
2019-08-08 13:52:51;SimpleConsoleRust;0;2;status [204 No Content] body [Ok("")];200;596
2019-08-08 13:52:51;SimpleConsoleRust;0;6;status [204 No Content] body [Ok("")];200;595
2019-08-08 13:52:51;SimpleConsoleRust;0;9;status [204 No Content] body [Ok("")];200;595
2019-08-08 13:52:51;SimpleConsoleRust;0;8;status [204 No Content] body [Ok("")];200;595
2019-08-08 13:52:51;SimpleConsoleRust;0;7;status [204 No Content] body [Ok("")];200;595
2019-08-08 13:52:51;SimpleConsoleRust;0;0;status [204 No Content] body [Ok("")];200;596
2019-08-08 13:52:51;SimpleConsoleRust;0;3;status [204 No Content] body [Ok("")];200;600
2019-08-08 13:52:51;SimpleConsoleRust;0;5;status [204 No Content] body [Ok("")];200;600
2019-08-08 13:52:53;SimpleConsoleRust;1;7;status [204 No Content] body [Ok("")];200;231
2019-08-08 13:52:53;SimpleConsoleRust;1;0;status [204 No Content] body [Ok("")];200;231
2019-08-08 13:52:53;SimpleConsoleRust;1;3;status [204 No Content] body [Ok("")];200;236
2019-08-08 13:52:53;SimpleConsoleRust;1;8;status [204 No Content] body [Ok("")];200;236
2019-08-08 13:52:53;SimpleConsoleRust;1;4;status [204 No Content] body [Ok("")];200;239
2019-08-08 13:52:53;SimpleConsoleRust;1;1;status [204 No Content] body [Ok("")];200;239
2019-08-08 13:52:53;SimpleConsoleRust;1;6;status [204 No Content] body [Ok("")];200;242
2019-08-08 13:52:53;SimpleConsoleRust;1;5;status [204 No Content] body [Ok("")];200;252
2019-08-08 13:52:53;SimpleConsoleRust;1;2;status [204 No Content] body [Ok("")];200;455
2019-08-08 13:52:53;SimpleConsoleRust;1;9;status [204 No Content] body [Ok("")];200;463
2019-08-08 13:52:54;SimpleConsoleRust;2;8;status [204 No Content] body [Ok("")];200;232
2019-08-08 13:52:54;SimpleConsoleRust;2;3;status [204 No Content] body [Ok("")];200;236
2019-08-08 13:52:54;SimpleConsoleRust;2;5;status [204 No Content] body [Ok("")];200;236
2019-08-08 13:52:54;SimpleConsoleRust;2;1;status [204 No Content] body [Ok("")];200;236
2019-08-08 13:52:54;SimpleConsoleRust;2;2;status [204 No Content] body [Ok("")];200;236
2019-08-08 13:52:54;SimpleConsoleRust;2;0;status [204 No Content] body [Ok("")];200;238
2019-08-08 13:52:54;SimpleConsoleRust;2;9;status [204 No Content] body [Ok("")];200;240
2019-08-08 13:52:54;SimpleConsoleRust;2;7;status [204 No Content] body [Ok("")];200;244
2019-08-08 13:52:54;SimpleConsoleRust;2;6;status [204 No Content] body [Ok("")];200;252
2019-08-08 13:52:54;SimpleConsoleRust;2;4;status [204 No Content] body [Ok("")];200;471
2019-08-08 13:52:59;SimpleConsoleRust;3;5;status [204 No Content] body [Ok("")];200;3255
2019-08-08 13:52:59;SimpleConsoleRust;3;7;status [204 No Content] body [Ok("")];200;3259
2019-08-08 13:52:59;SimpleConsoleRust;3;6;status [204 No Content] body [Ok("")];200;3260
2019-08-08 13:52:59;SimpleConsoleRust;3;9;status [204 No Content] body [Ok("")];200;3259
2019-08-08 13:52:59;SimpleConsoleRust;3;8;status [204 No Content] body [Ok("")];200;3263
2019-08-08 13:52:59;SimpleConsoleRust;3;3;status [204 No Content] body [Ok("")];200;3263
2019-08-08 13:52:59;SimpleConsoleRust;3;1;status [204 No Content] body [Ok("")];200;3263
2019-08-08 13:52:59;SimpleConsoleRust;3;4;status [204 No Content] body [Ok("")];200;3263
2019-08-08 13:52:59;SimpleConsoleRust;3;0;status [204 No Content] body [Ok("")];200;3263
2019-08-08 13:52:59;SimpleConsoleRust;3;2;status [204 No Content] body [Ok("")];200;3483
2019-08-08 13:53:00;SimpleConsoleRust;4;8;status [204 No Content] body [Ok("")];200;234
2019-08-08 13:53:00;SimpleConsoleRust;4;0;status [204 No Content] body [Ok("")];200;239
2019-08-08 13:53:00;SimpleConsoleRust;4;3;status [204 No Content] body [Ok("")];200;239
2019-08-08 13:53:00;SimpleConsoleRust;4;5;status [204 No Content] body [Ok("")];200;246
2019-08-08 13:53:00;SimpleConsoleRust;4;2;status [204 No Content] body [Ok("")];200;246
2019-08-08 13:53:00;SimpleConsoleRust;4;7;status [204 No Content] body [Ok("")];200;247
2019-08-08 13:53:00;SimpleConsoleRust;4;6;status [204 No Content] body [Ok("")];200;248
2019-08-08 13:53:00;SimpleConsoleRust;4;1;status [204 No Content] body [Ok("")];200;248
2019-08-08 13:53:00;SimpleConsoleRust;4;9;status [204 No Content] body [Ok("")];200;473
2019-08-08 13:53:00;SimpleConsoleRust;4;4;status [204 No Content] body [Ok("")];200;483
2019-08-08 13:53:02;SimpleConsoleRust;5;7;status [204 No Content] body [Ok("")];200;225
2019-08-08 13:53:02;SimpleConsoleRust;5;8;status [204 No Content] body [Ok("")];200;232
2019-08-08 13:53:02;SimpleConsoleRust;5;5;status [204 No Content] body [Ok("")];200;235
2019-08-08 13:53:02;SimpleConsoleRust;5;2;status [204 No Content] body [Ok("")];200;237
2019-08-08 13:53:02;SimpleConsoleRust;5;6;status [204 No Content] body [Ok("")];200;240
2019-08-08 13:53:02;SimpleConsoleRust;5;4;status [204 No Content] body [Ok("")];200;240
2019-08-08 13:53:02;SimpleConsoleRust;5;0;status [204 No Content] body [Ok("")];200;242
2019-08-08 13:53:02;SimpleConsoleRust;5;9;status [204 No Content] body [Ok("")];200;241
2019-08-08 13:53:02;SimpleConsoleRust;5;3;status [204 No Content] body [Ok("")];200;464
2019-08-08 13:53:02;SimpleConsoleRust;5;1;status [204 No Content] body [Ok("")];200;468
2019-08-08 13:53:03;SimpleConsoleRust;6;4;status [204 No Content] body [Ok("")];200;240
2019-08-08 13:53:03;SimpleConsoleRust;6;0;status [204 No Content] body [Ok("")];200;240
2019-08-08 13:53:03;SimpleConsoleRust;6;8;status [204 No Content] body [Ok("")];200;240
2019-08-08 13:53:03;SimpleConsoleRust;6;1;status [204 No Content] body [Ok("")];200;240
2019-08-08 13:53:03;SimpleConsoleRust;6;5;status [204 No Content] body [Ok("")];200;244
2019-08-08 13:53:03;SimpleConsoleRust;6;7;status [204 No Content] body [Ok("")];200;244
2019-08-08 13:53:03;SimpleConsoleRust;6;3;status [204 No Content] body [Ok("")];200;245
2019-08-08 13:53:03;SimpleConsoleRust;6;9;status [204 No Content] body [Ok("")];200;245
2019-08-08 13:53:03;SimpleConsoleRust;6;2;status [204 No Content] body [Ok("")];200;469
2019-08-08 13:53:03;SimpleConsoleRust;6;6;status [204 No Content] body [Ok("")];200;474
2019-08-08 13:53:05;SimpleConsoleRust;7;9;status [204 No Content] body [Ok("")];200;225
2019-08-08 13:53:05;SimpleConsoleRust;7;6;status [204 No Content] body [Ok("")];200;235
2019-08-08 13:53:05;SimpleConsoleRust;7;4;status [204 No Content] body [Ok("")];200;250
2019-08-08 13:53:05;SimpleConsoleRust;7;5;status [204 No Content] body [Ok("")];200;235
2019-08-08 13:53:05;SimpleConsoleRust;7;3;status [204 No Content] body [Ok("")];200;250
2019-08-08 13:53:05;SimpleConsoleRust;7;2;status [204 No Content] body [Ok("")];200;250
2019-08-08 13:53:05;SimpleConsoleRust;7;7;status [204 No Content] body [Ok("")];200;235
2019-08-08 13:53:05;SimpleConsoleRust;7;0;status [204 No Content] body [Ok("")];200;265
2019-08-08 13:53:05;SimpleConsoleRust;7;1;status [204 No Content] body [Ok("")];200;265
2019-08-08 13:53:05;SimpleConsoleRust;7;8;status [204 No Content] body [Ok("")];200;500
2019-08-08 13:53:06;SimpleConsoleRust;8;9;status [204 No Content] body [Ok("")];200;237
2019-08-08 13:53:06;SimpleConsoleRust;8;0;status [204 No Content] body [Ok("")];200;241
2019-08-08 13:53:06;SimpleConsoleRust;8;2;status [204 No Content] body [Ok("")];200;240
2019-08-08 13:53:06;SimpleConsoleRust;8;7;status [204 No Content] body [Ok("")];200;244
2019-08-08 13:53:06;SimpleConsoleRust;8;8;status [204 No Content] body [Ok("")];200;244
2019-08-08 13:53:06;SimpleConsoleRust;8;5;status [204 No Content] body [Ok("")];200;248
2019-08-08 13:53:06;SimpleConsoleRust;8;4;status [204 No Content] body [Ok("")];200;248
2019-08-08 13:53:06;SimpleConsoleRust;8;6;status [204 No Content] body [Ok("")];200;251
2019-08-08 13:53:06;SimpleConsoleRust;8;1;status [204 No Content] body [Ok("")];200;479
2019-08-08 13:53:06;SimpleConsoleRust;8;3;status [204 No Content] body [Ok("")];200;478
2019-08-08 13:53:08;SimpleConsoleRust;9;2;status [204 No Content] body [Ok("")];200;233
2019-08-08 13:53:08;SimpleConsoleRust;9;4;status [204 No Content] body [Ok("")];200;236
2019-08-08 13:53:08;SimpleConsoleRust;9;8;status [204 No Content] body [Ok("")];200;241
2019-08-08 13:53:08;SimpleConsoleRust;9;9;status [204 No Content] body [Ok("")];200;242
2019-08-08 13:53:08;SimpleConsoleRust;9;3;status [204 No Content] body [Ok("")];200;243
2019-08-08 13:53:08;SimpleConsoleRust;9;7;status [204 No Content] body [Ok("")];200;245
2019-08-08 13:53:08;SimpleConsoleRust;9;0;status [204 No Content] body [Ok("")];200;249
2019-08-08 13:53:08;SimpleConsoleRust;9;5;status [204 No Content] body [Ok("")];200;462
2019-08-08 13:53:08;SimpleConsoleRust;9;6;status [204 No Content] body [Ok("")];200;475
2019-08-08 13:53:08;SimpleConsoleRust;9;1;status [204 No Content] body [Ok("")];200;480
