2019-04-09 21:29:42;SimpleConsoleCPP;0;8;HTTP/1.1 204 OK
Cache-Control: no-store
Pragma: no-cache
Age: 0
Connection: keep-alive
Content-Length: 0


;200;752
2019-04-09 21:29:42;SimpleConsoleCPP;0;3;HTTP/1.1 204 OK
Cache-Control: no-store
Pragma: no-cache
Age: 0
Connection: keep-alive
Content-Length: 0


;200;953
2019-04-09 21:29:42;SimpleConsoleCPP;0;1;HTTP/1.1 204 OK
Cache-Control: no-store
Pragma: no-cache
Age: 0
Connection: keep-alive
Content-Length: 0


;200;1165
2019-04-09 21:29:42;SimpleConsoleCPP;0;5;HTTP/1.1 204 OK
Cache-Control: no-store
Pragma: no-cache
Age: 0
Connection: keep-alive
Content-Length: 0


;200;1381
2019-04-09 21:29:42;SimpleConsoleCPP;0;9;HTTP/1.1 204 OK
Cache-Control: no-store
Pragma: no-cache
Age: 0
Connection: keep-alive
Content-Length: 0


;200;1596
2019-04-09 21:29:42;SimpleConsoleCPP;0;6;HTTP/1.1 204 OK
Cache-Control: no-store
Pragma: no-cache
Age: 0
Connection: keep-alive
Content-Length: 0


;200;1805
2019-04-09 21:29:42;SimpleConsoleCPP;0;4;HTTP/1.1 204 OK
Cache-Control: no-store
Pragma: no-cache
Age: 0
Connection: keep-alive
Content-Length: 0


;200;2010
2019-04-09 21:29:42;SimpleConsoleCPP;0;0;HTTP/1.1 204 OK
Cache-Control: no-store
Pragma: no-cache
Age: 0
Connection: keep-alive
Content-Length: 0


;200;2233
2019-04-09 21:29:42;SimpleConsoleCPP;0;2;HTTP/1.1 204 OK
Cache-Control: no-store
Pragma: no-cache
Age: 0
Connection: keep-alive
Content-Length: 0


;200;2435
2019-04-09 21:29:42;SimpleConsoleCPP;0;7;HTTP/1.1 204 OK
Cache-Control: no-store
Pragma: no-cache
Age: 0
Connection: keep-alive
Content-Length: 0


;200;2661
2019-04-09 21:29:46;SimpleConsoleCPP;1;5;HTTP/1.1 204 OK
Cache-Control: no-store
Pragma: no-cache
Age: 0
Connection: keep-alive
Content-Length: 0


;200;219
2019-04-09 21:29:46;SimpleConsoleCPP;1;7;HTTP/1.1 204 OK
Cache-Control: no-store
Pragma: no-cache
Age: 0
Connection: keep-alive
Content-Length: 0


;200;439
2019-04-09 21:29:46;SimpleConsoleCPP;1;9;HTTP/1.1 204 OK
Cache-Control: no-store
Pragma: no-cache
Age: 0
Connection: keep-alive
Content-Length: 0


;200;653
2019-04-09 21:29:46;SimpleConsoleCPP;1;2;HTTP/1.1 204 OK
Cache-Control: no-store
Pragma: no-cache
Age: 0
Connection: keep-alive
Content-Length: 0


;200;877
2019-04-09 21:29:46;SimpleConsoleCPP;1;3;HTTP/1.1 204 OK
Cache-Control: no-store
Pragma: no-cache
Age: 0
Connection: keep-alive
Content-Length: 0


;200;1103
2019-04-09 21:29:46;SimpleConsoleCPP;1;4;HTTP/1.1 204 OK
Cache-Control: no-store
Pragma: no-cache
Age: 0
Connection: keep-alive
Content-Length: 0


;200;1320
2019-04-09 21:29:46;SimpleConsoleCPP;1;1;HTTP/1.1 204 OK
Cache-Control: no-store
Pragma: no-cache
Age: 0
Connection: keep-alive
Content-Length: 0


;200;1532
2019-04-09 21:29:46;SimpleConsoleCPP;1;6;HTTP/1.1 204 OK
Cache-Control: no-store
Pragma: no-cache
Age: 0
Connection: keep-alive
Content-Length: 0


;200;1749
2019-04-09 21:29:46;SimpleConsoleCPP;1;0;HTTP/1.1 204 OK
Cache-Control: no-store
Pragma: no-cache
Age: 0
Connection: keep-alive
Content-Length: 0


;200;1971
2019-04-09 21:29:46;SimpleConsoleCPP;1;8;HTTP/1.1 204 OK
Cache-Control: no-store
Pragma: no-cache
Age: 0
Connection: keep-alive
Content-Length: 0


;200;2184
2019-04-09 21:29:49;SimpleConsoleCPP;2;3;HTTP/1.1 204 OK
Cache-Control: no-store
Pragma: no-cache
Age: 0
Connection: keep-alive
Content-Length: 0


;200;223
2019-04-09 21:29:49;SimpleConsoleCPP;2;0;HTTP/1.1 204 OK
Cache-Control: no-store
Pragma: no-cache
Age: 0
Connection: keep-alive
Content-Length: 0


;200;437
2019-04-09 21:29:49;SimpleConsoleCPP;2;7;HTTP/1.1 204 OK
Cache-Control: no-store
Pragma: no-cache
Age: 0
Connection: keep-alive
Content-Length: 0


;200;642
2019-04-09 21:29:49;SimpleConsoleCPP;2;4;HTTP/1.1 204 OK
Cache-Control: no-store
Pragma: no-cache
Age: 0
Connection: keep-alive
Content-Length: 0


;200;875
2019-04-09 21:29:49;SimpleConsoleCPP;2;8;HTTP/1.1 204 OK
Cache-Control: no-store
Pragma: no-cache
Age: 0
Connection: keep-alive
Content-Length: 0


;200;1085
2019-04-09 21:29:49;SimpleConsoleCPP;2;9;HTTP/1.1 204 OK
Cache-Control: no-store
Pragma: no-cache
Age: 0
Connection: keep-alive
Content-Length: 0


;200;1292
2019-04-09 21:29:49;SimpleConsoleCPP;2;2;HTTP/1.1 204 OK
Cache-Control: no-store
Pragma: no-cache
Age: 0
Connection: keep-alive
Content-Length: 0


;200;1726
2019-04-09 21:29:49;SimpleConsoleCPP;2;1;HTTP/1.1 204 OK
Cache-Control: no-store
Pragma: no-cache
Age: 0
Connection: keep-alive
Content-Length: 0


;200;1958
2019-04-09 21:29:49;SimpleConsoleCPP;2;6;HTTP/1.1 204 OK
Cache-Control: no-store
Pragma: no-cache
Age: 0
Connection: keep-alive
Content-Length: 0


;200;2166
2019-04-09 21:29:49;SimpleConsoleCPP;2;5;HTTP/1.1 204 OK
Cache-Control: no-store
Pragma: no-cache
Age: 0
Connection: keep-alive
Content-Length: 0


;200;2372
2019-04-09 21:29:52;SimpleConsoleCPP;3;1;HTTP/1.1 204 OK
Cache-Control: no-store
Pragma: no-cache
Age: 0
Connection: keep-alive
Content-Length: 0


;200;224
2019-04-09 21:29:52;SimpleConsoleCPP;3;9;HTTP/1.1 204 OK
Cache-Control: no-store
Pragma: no-cache
Age: 0
Connection: keep-alive
Content-Length: 0


;200;446
2019-04-09 21:29:52;SimpleConsoleCPP;3;2;HTTP/1.1 204 OK
Cache-Control: no-store
Pragma: no-cache
Age: 0
Connection: keep-alive
Content-Length: 0


;200;676
2019-04-09 21:29:52;SimpleConsoleCPP;3;7;HTTP/1.1 204 OK
Cache-Control: no-store
Pragma: no-cache
Age: 0
Connection: keep-alive
Content-Length: 0


;200;909
2019-04-09 21:29:52;SimpleConsoleCPP;3;4;HTTP/1.1 204 OK
Cache-Control: no-store
Pragma: no-cache
Age: 0
Connection: keep-alive
Content-Length: 0


;200;1127
2019-04-09 21:29:52;SimpleConsoleCPP;3;3;HTTP/1.1 204 OK
Cache-Control: no-store
Pragma: no-cache
Age: 0
Connection: keep-alive
Content-Length: 0


;200;1342
2019-04-09 21:29:52;SimpleConsoleCPP;3;5;HTTP/1.1 204 OK
Cache-Control: no-store
Pragma: no-cache
Age: 0
Connection: keep-alive
Content-Length: 0


;200;1546
2019-04-09 21:29:52;SimpleConsoleCPP;3;8;HTTP/1.1 204 OK
Cache-Control: no-store
Pragma: no-cache
Age: 0
Connection: keep-alive
Content-Length: 0


;200;1769
2019-04-09 21:29:52;SimpleConsoleCPP;3;0;HTTP/1.1 204 OK
Cache-Control: no-store
Pragma: no-cache
Age: 0
Connection: keep-alive
Content-Length: 0


;200;1982
2019-04-09 21:29:52;SimpleConsoleCPP;3;6;HTTP/1.1 204 OK
Cache-Control: no-store
Pragma: no-cache
Age: 0
Connection: keep-alive
Content-Length: 0


;200;2185
2019-04-09 21:29:56;SimpleConsoleCPP;4;4;HTTP/1.1 204 OK
Cache-Control: no-store
Pragma: no-cache
Age: 0
Connection: keep-alive
Content-Length: 0


;200;226
2019-04-09 21:29:56;SimpleConsoleCPP;4;6;HTTP/1.1 204 OK
Cache-Control: no-store
Pragma: no-cache
Age: 0
Connection: keep-alive
Content-Length: 0


;200;450
2019-04-09 21:29:56;SimpleConsoleCPP;4;3;HTTP/1.1 204 OK
Cache-Control: no-store
Pragma: no-cache
Age: 0
Connection: keep-alive
Content-Length: 0


;200;660
2019-04-09 21:29:56;SimpleConsoleCPP;4;1;HTTP/1.1 204 OK
Cache-Control: no-store
Pragma: no-cache
Age: 0
Connection: keep-alive
Content-Length: 0


;200;884
2019-04-09 21:29:56;SimpleConsoleCPP;4;2;HTTP/1.1 204 OK
Cache-Control: no-store
Pragma: no-cache
Age: 0
Connection: keep-alive
Content-Length: 0


;200;1097
2019-04-09 21:29:56;SimpleConsoleCPP;4;0;HTTP/1.1 204 OK
Cache-Control: no-store
Pragma: no-cache
Age: 0
Connection: keep-alive
Content-Length: 0


;200;1326
2019-04-09 21:29:56;SimpleConsoleCPP;4;7;HTTP/1.1 204 OK
Cache-Control: no-store
Pragma: no-cache
Age: 0
Connection: keep-alive
Content-Length: 0


;200;1542
2019-04-09 21:29:56;SimpleConsoleCPP;4;5;HTTP/1.1 204 OK
Cache-Control: no-store
Pragma: no-cache
Age: 0
Connection: keep-alive
Content-Length: 0


;200;1756
2019-04-09 21:29:56;SimpleConsoleCPP;4;8;HTTP/1.1 204 OK
Cache-Control: no-store
Pragma: no-cache
Age: 0
Connection: keep-alive
Content-Length: 0


;200;1958
2019-04-09 21:29:56;SimpleConsoleCPP;4;9;HTTP/1.1 204 OK
Cache-Control: no-store
Pragma: no-cache
Age: 0
Connection: keep-alive
Content-Length: 0


;200;2172
2019-04-09 21:29:59;SimpleConsoleCPP;5;1;HTTP/1.1 204 OK
Cache-Control: no-store
Pragma: no-cache
Age: 0
Connection: keep-alive
Content-Length: 0


;200;234
2019-04-09 21:29:59;SimpleConsoleCPP;5;0;HTTP/1.1 204 OK
Cache-Control: no-store
Pragma: no-cache
Age: 0
Connection: keep-alive
Content-Length: 0


;200;446
2019-04-09 21:29:59;SimpleConsoleCPP;5;3;HTTP/1.1 204 OK
Cache-Control: no-store
Pragma: no-cache
Age: 0
Connection: keep-alive
Content-Length: 0


;200;668
2019-04-09 21:29:59;SimpleConsoleCPP;5;2;HTTP/1.1 204 OK
Cache-Control: no-store
Pragma: no-cache
Age: 0
Connection: keep-alive
Content-Length: 0


;200;876
2019-04-09 21:29:59;SimpleConsoleCPP;5;6;HTTP/1.1 204 OK
Cache-Control: no-store
Pragma: no-cache
Age: 0
Connection: keep-alive
Content-Length: 0


;200;1093
2019-04-09 21:29:59;SimpleConsoleCPP;5;8;HTTP/1.1 204 OK
Cache-Control: no-store
Pragma: no-cache
Age: 0
Connection: keep-alive
Content-Length: 0


;200;1307
2019-04-09 21:29:59;SimpleConsoleCPP;5;5;HTTP/1.1 204 OK
Cache-Control: no-store
Pragma: no-cache
Age: 0
Connection: keep-alive
Content-Length: 0


;200;1534
2019-04-09 21:29:59;SimpleConsoleCPP;5;7;HTTP/1.1 204 OK
Cache-Control: no-store
Pragma: no-cache
Age: 0
Connection: keep-alive
Content-Length: 0


;200;1761
2019-04-09 21:29:59;SimpleConsoleCPP;5;4;HTTP/1.1 204 OK
Cache-Control: no-store
Pragma: no-cache
Age: 0
Connection: keep-alive
Content-Length: 0


;200;1972
2019-04-09 21:29:59;SimpleConsoleCPP;5;9;HTTP/1.1 204 OK
Cache-Control: no-store
Pragma: no-cache
Age: 0
Connection: keep-alive
Content-Length: 0


;200;2210
2019-04-09 21:30:02;SimpleConsoleCPP;6;4;HTTP/1.1 204 OK
Cache-Control: no-store
Pragma: no-cache
Age: 0
Connection: keep-alive
Content-Length: 0


;200;217
2019-04-09 21:30:02;SimpleConsoleCPP;6;3;HTTP/1.1 204 OK
Cache-Control: no-store
Pragma: no-cache
Age: 0
Connection: keep-alive
Content-Length: 0


;200;423
2019-04-09 21:30:02;SimpleConsoleCPP;6;2;HTTP/1.1 204 OK
Cache-Control: no-store
Pragma: no-cache
Age: 0
Connection: keep-alive
Content-Length: 0


;200;636
2019-04-09 21:30:02;SimpleConsoleCPP;6;8;HTTP/1.1 204 OK
Cache-Control: no-store
Pragma: no-cache
Age: 0
Connection: keep-alive
Content-Length: 0


;200;849
2019-04-09 21:30:02;SimpleConsoleCPP;6;5;HTTP/1.1 204 OK
Cache-Control: no-store
Pragma: no-cache
Age: 0
Connection: keep-alive
Content-Length: 0


;200;1055
2019-04-09 21:30:02;SimpleConsoleCPP;6;1;HTTP/1.1 204 OK
Cache-Control: no-store
Pragma: no-cache
Age: 0
Connection: keep-alive
Content-Length: 0


;200;1274
2019-04-09 21:30:02;SimpleConsoleCPP;6;6;HTTP/1.1 204 OK
Cache-Control: no-store
Pragma: no-cache
Age: 0
Connection: keep-alive
Content-Length: 0


;200;1498
2019-04-09 21:30:02;SimpleConsoleCPP;6;7;HTTP/1.1 204 OK
Cache-Control: no-store
Pragma: no-cache
Age: 0
Connection: keep-alive
Content-Length: 0


;200;1707
2019-04-09 21:30:02;SimpleConsoleCPP;6;0;HTTP/1.1 204 OK
Cache-Control: no-store
Pragma: no-cache
Age: 0
Connection: keep-alive
Content-Length: 0


;200;1928
2019-04-09 21:30:02;SimpleConsoleCPP;6;9;HTTP/1.1 204 OK
Cache-Control: no-store
Pragma: no-cache
Age: 0
Connection: keep-alive
Content-Length: 0


;200;2126
2019-04-09 21:30:05;SimpleConsoleCPP;7;2;HTTP/1.1 204 OK
Cache-Control: no-store
Pragma: no-cache
Age: 0
Connection: keep-alive
Content-Length: 0


;200;233
2019-04-09 21:30:05;SimpleConsoleCPP;7;1;HTTP/1.1 204 OK
Cache-Control: no-store
Pragma: no-cache
Age: 0
Connection: keep-alive
Content-Length: 0


;200;446
2019-04-09 21:30:05;SimpleConsoleCPP;7;3;HTTP/1.1 204 OK
Cache-Control: no-store
Pragma: no-cache
Age: 0
Connection: keep-alive
Content-Length: 0


;200;660
2019-04-09 21:30:05;SimpleConsoleCPP;7;7;HTTP/1.1 204 OK
Cache-Control: no-store
Pragma: no-cache
Age: 0
Connection: keep-alive
Content-Length: 0


;200;864
2019-04-09 21:30:05;SimpleConsoleCPP;7;0;HTTP/1.1 204 OK
Cache-Control: no-store
Pragma: no-cache
Age: 0
Connection: keep-alive
Content-Length: 0


;200;1083
2019-04-09 21:30:05;SimpleConsoleCPP;7;4;HTTP/1.1 204 OK
Cache-Control: no-store
Pragma: no-cache
Age: 0
Connection: keep-alive
Content-Length: 0


;200;1316
2019-04-09 21:30:05;SimpleConsoleCPP;7;5;HTTP/1.1 204 OK
Cache-Control: no-store
Pragma: no-cache
Age: 0
Connection: keep-alive
Content-Length: 0


;200;1537
2019-04-09 21:30:05;SimpleConsoleCPP;7;6;HTTP/1.1 204 OK
Cache-Control: no-store
Pragma: no-cache
Age: 0
Connection: keep-alive
Content-Length: 0


;200;1747
2019-04-09 21:30:05;SimpleConsoleCPP;7;8;HTTP/1.1 204 OK
Cache-Control: no-store
Pragma: no-cache
Age: 0
Connection: keep-alive
Content-Length: 0


;200;1956
2019-04-09 21:30:05;SimpleConsoleCPP;7;9;HTTP/1.1 204 OK
Cache-Control: no-store
Pragma: no-cache
Age: 0
Connection: keep-alive
Content-Length: 0


;200;2163
2019-04-09 21:30:08;SimpleConsoleCPP;8;2;HTTP/1.1 204 OK
Cache-Control: no-store
Pragma: no-cache
Age: 0
Connection: keep-alive
Content-Length: 0


;200;218
2019-04-09 21:30:08;SimpleConsoleCPP;8;9;HTTP/1.1 204 OK
Cache-Control: no-store
Pragma: no-cache
Age: 0
Connection: keep-alive
Content-Length: 0


;200;434
2019-04-09 21:30:08;SimpleConsoleCPP;8;5;HTTP/1.1 204 OK
Cache-Control: no-store
Pragma: no-cache
Age: 0
Connection: keep-alive
Content-Length: 0


;200;649
2019-04-09 21:30:08;SimpleConsoleCPP;8;4;HTTP/1.1 204 OK
Cache-Control: no-store
Pragma: no-cache
Age: 0
Connection: keep-alive
Content-Length: 0


;200;852
2019-04-09 21:30:08;SimpleConsoleCPP;8;0;HTTP/1.1 204 OK
Cache-Control: no-store
Pragma: no-cache
Age: 0
Connection: keep-alive
Content-Length: 0


;200;1075
2019-04-09 21:30:08;SimpleConsoleCPP;8;1;HTTP/1.1 204 OK
Cache-Control: no-store
Pragma: no-cache
Age: 0
Connection: keep-alive
Content-Length: 0


;200;1284
2019-04-09 21:30:08;SimpleConsoleCPP;8;6;HTTP/1.1 204 OK
Cache-Control: no-store
Pragma: no-cache
Age: 0
Connection: keep-alive
Content-Length: 0


;200;1500
2019-04-09 21:30:08;SimpleConsoleCPP;8;8;HTTP/1.1 204 OK
Cache-Control: no-store
Pragma: no-cache
Age: 0
Connection: keep-alive
Content-Length: 0


;200;1709
2019-04-09 21:30:08;SimpleConsoleCPP;8;3;HTTP/1.1 204 OK
Cache-Control: no-store
Pragma: no-cache
Age: 0
Connection: keep-alive
Content-Length: 0


;200;1926
2019-04-09 21:30:08;SimpleConsoleCPP;8;7;HTTP/1.1 204 OK
Cache-Control: no-store
Pragma: no-cache
Age: 0
Connection: keep-alive
Content-Length: 0


;200;2255
2019-04-09 21:30:12;SimpleConsoleCPP;9;1;HTTP/1.1 204 OK
Cache-Control: no-store
Pragma: no-cache
Age: 0
Connection: keep-alive
Content-Length: 0


;200;225
2019-04-09 21:30:12;SimpleConsoleCPP;9;0;HTTP/1.1 204 OK
Cache-Control: no-store
Pragma: no-cache
Age: 0
Connection: keep-alive
Content-Length: 0


;200;446
2019-04-09 21:30:12;SimpleConsoleCPP;9;6;HTTP/1.1 204 OK
Cache-Control: no-store
Pragma: no-cache
Age: 0
Connection: keep-alive
Content-Length: 0


;200;658
2019-04-09 21:30:12;SimpleConsoleCPP;9;3;HTTP/1.1 204 OK
Cache-Control: no-store
Pragma: no-cache
Age: 0
Connection: keep-alive
Content-Length: 0


;200;874
2019-04-09 21:30:12;SimpleConsoleCPP;9;2;HTTP/1.1 204 OK
Cache-Control: no-store
Pragma: no-cache
Age: 0
Connection: keep-alive
Content-Length: 0


;200;1089
2019-04-09 21:30:12;SimpleConsoleCPP;9;4;HTTP/1.1 204 OK
Cache-Control: no-store
Pragma: no-cache
Age: 0
Connection: keep-alive
Content-Length: 0


;200;1293
2019-04-09 21:30:12;SimpleConsoleCPP;9;5;HTTP/1.1 204 OK
Cache-Control: no-store
Pragma: no-cache
Age: 0
Connection: keep-alive
Content-Length: 0


;200;1508
2019-04-09 21:30:12;SimpleConsoleCPP;9;8;HTTP/1.1 204 OK
Cache-Control: no-store
Pragma: no-cache
Age: 0
Connection: keep-alive
Content-Length: 0


;200;1709
2019-04-09 21:30:12;SimpleConsoleCPP;9;7;HTTP/1.1 204 OK
Cache-Control: no-store
Pragma: no-cache
Age: 0
Connection: keep-alive
Content-Length: 0


;200;1913
2019-04-09 21:30:12;SimpleConsoleCPP;9;9;HTTP/1.1 204 OK
Cache-Control: no-store
Pragma: no-cache
Age: 0
Connection: keep-alive
Content-Length: 0


;200;2118
2019-04-09 21:30:18;SimpleConsoleCPP;10;0;HTTP/1.1 204 OK
Cache-Control: no-store
Pragma: no-cache
Age: 0
Connection: keep-alive
Content-Length: 0


;200;242
2019-04-09 21:30:18;SimpleConsoleCPP;10;4;HTTP/1.1 204 OK
Cache-Control: no-store
Pragma: no-cache
Age: 0
Connection: keep-alive
Content-Length: 0


;200;620
2019-04-09 21:30:18;SimpleConsoleCPP;10;1;HTTP/1.1 204 OK
Cache-Control: no-store
Pragma: no-cache
Age: 0
Connection: keep-alive
Content-Length: 0


;200;840
2019-04-09 21:30:18;SimpleConsoleCPP;10;8;HTTP/1.1 204 OK
Cache-Control: no-store
Pragma: no-cache
Age: 0
Connection: keep-alive
Content-Length: 0


;200;1052
2019-04-09 21:30:18;SimpleConsoleCPP;10;7;HTTP/1.1 204 OK
Cache-Control: no-store
Pragma: no-cache
Age: 0
Connection: keep-alive
Content-Length: 0


;200;1269
2019-04-09 21:30:18;SimpleConsoleCPP;10;6;HTTP/1.1 204 OK
Cache-Control: no-store
Pragma: no-cache
Age: 0
Connection: keep-alive
Content-Length: 0


;200;1517
2019-04-09 21:30:18;SimpleConsoleCPP;10;5;HTTP/1.1 204 OK
Cache-Control: no-store
Pragma: no-cache
Age: 0
Connection: keep-alive
Content-Length: 0


;200;4742
2019-04-09 21:30:18;SimpleConsoleCPP;10;3;HTTP/1.1 204 OK
Cache-Control: no-store
Pragma: no-cache
Age: 0
Connection: keep-alive
Content-Length: 0


;200;4960
2019-04-09 21:30:18;SimpleConsoleCPP;10;2;HTTP/1.1 204 OK
Cache-Control: no-store
Pragma: no-cache
Age: 0
Connection: keep-alive
Content-Length: 0


;200;5170
2019-04-09 21:30:18;SimpleConsoleCPP;10;9;HTTP/1.1 204 OK
Cache-Control: no-store
Pragma: no-cache
Age: 0
Connection: keep-alive
Content-Length: 0


;200;5385
2019-04-09 21:30:21;SimpleConsoleCPP;11;2;HTTP/1.1 204 OK
Cache-Control: no-store
Pragma: no-cache
Age: 0
Connection: keep-alive
Content-Length: 0


;200;227
2019-04-09 21:30:21;SimpleConsoleCPP;11;6;HTTP/1.1 204 OK
Cache-Control: no-store
Pragma: no-cache
Age: 0
Connection: keep-alive
Content-Length: 0


;200;433
2019-04-09 21:30:21;SimpleConsoleCPP;11;0;HTTP/1.1 204 OK
Cache-Control: no-store
Pragma: no-cache
Age: 0
Connection: keep-alive
Content-Length: 0


;200;679
2019-04-09 21:30:21;SimpleConsoleCPP;11;4;HTTP/1.1 204 OK
Cache-Control: no-store
Pragma: no-cache
Age: 0
Connection: keep-alive
Content-Length: 0


;200;893
2019-04-09 21:30:21;SimpleConsoleCPP;11;8;HTTP/1.1 204 OK
Cache-Control: no-store
Pragma: no-cache
Age: 0
Connection: keep-alive
Content-Length: 0


;200;1110
2019-04-09 21:30:21;SimpleConsoleCPP;11;7;HTTP/1.1 204 OK
Cache-Control: no-store
Pragma: no-cache
Age: 0
Connection: keep-alive
Content-Length: 0


;200;1322
2019-04-09 21:30:21;SimpleConsoleCPP;11;3;HTTP/1.1 204 OK
Cache-Control: no-store
Pragma: no-cache
Age: 0
Connection: keep-alive
Content-Length: 0


;200;1538
2019-04-09 21:30:21;SimpleConsoleCPP;11;5;HTTP/1.1 204 OK
Cache-Control: no-store
Pragma: no-cache
Age: 0
Connection: keep-alive
Content-Length: 0


;200;1748
2019-04-09 21:30:21;SimpleConsoleCPP;11;1;HTTP/1.1 204 OK
Cache-Control: no-store
Pragma: no-cache
Age: 0
Connection: keep-alive
Content-Length: 0


;200;1977
2019-04-09 21:30:21;SimpleConsoleCPP;11;9;HTTP/1.1 204 OK
Cache-Control: no-store
Pragma: no-cache
Age: 0
Connection: keep-alive
Content-Length: 0


;200;2191
2019-04-09 21:30:25;SimpleConsoleCPP;12;4;HTTP/1.1 204 OK
Cache-Control: no-store
Pragma: no-cache
Age: 0
Connection: keep-alive
Content-Length: 0


;200;220
2019-04-09 21:30:25;SimpleConsoleCPP;12;1;HTTP/1.1 204 OK
Cache-Control: no-store
Pragma: no-cache
Age: 0
Connection: keep-alive
Content-Length: 0


;200;427
2019-04-09 21:30:25;SimpleConsoleCPP;12;0;HTTP/1.1 204 OK
Cache-Control: no-store
Pragma: no-cache
Age: 0
Connection: keep-alive
Content-Length: 0


;200;645
2019-04-09 21:30:25;SimpleConsoleCPP;12;7;HTTP/1.1 204 OK
Cache-Control: no-store
Pragma: no-cache
Age: 0
Connection: keep-alive
Content-Length: 0


;200;860
2019-04-09 21:30:25;SimpleConsoleCPP;12;2;HTTP/1.1 204 OK
Cache-Control: no-store
Pragma: no-cache
Age: 0
Connection: keep-alive
Content-Length: 0


;200;1072
2019-04-09 21:30:25;SimpleConsoleCPP;12;3;HTTP/1.1 204 OK
Cache-Control: no-store
Pragma: no-cache
Age: 0
Connection: keep-alive
Content-Length: 0


;200;1281
2019-04-09 21:30:25;SimpleConsoleCPP;12;9;HTTP/1.1 204 OK
Cache-Control: no-store
Pragma: no-cache
Age: 0
Connection: keep-alive
Content-Length: 0


;200;1511
2019-04-09 21:30:25;SimpleConsoleCPP;12;5;HTTP/1.1 204 OK
Cache-Control: no-store
Pragma: no-cache
Age: 0
Connection: keep-alive
Content-Length: 0


;200;1725
2019-04-09 21:30:25;SimpleConsoleCPP;12;8;HTTP/1.1 204 OK
Cache-Control: no-store
Pragma: no-cache
Age: 0
Connection: keep-alive
Content-Length: 0


;200;2009
2019-04-09 21:30:25;SimpleConsoleCPP;12;6;HTTP/1.1 204 OK
Cache-Control: no-store
Pragma: no-cache
Age: 0
Connection: keep-alive
Content-Length: 0


;200;2228
2019-04-09 21:30:28;SimpleConsoleCPP;13;1;HTTP/1.1 204 OK
Cache-Control: no-store
Pragma: no-cache
Age: 0
Connection: keep-alive
Content-Length: 0


;200;218
2019-04-09 21:30:28;SimpleConsoleCPP;13;4;HTTP/1.1 204 OK
Cache-Control: no-store
Pragma: no-cache
Age: 0
Connection: keep-alive
Content-Length: 0


;200;432
2019-04-09 21:30:28;SimpleConsoleCPP;13;5;HTTP/1.1 204 OK
Cache-Control: no-store
Pragma: no-cache
Age: 0
Connection: keep-alive
Content-Length: 0


;200;657
2019-04-09 21:30:28;SimpleConsoleCPP;13;2;HTTP/1.1 204 OK
Cache-Control: no-store
Pragma: no-cache
Age: 0
Connection: keep-alive
Content-Length: 0


;200;871
2019-04-09 21:30:28;SimpleConsoleCPP;13;3;HTTP/1.1 204 OK
Cache-Control: no-store
Pragma: no-cache
Age: 0
Connection: keep-alive
Content-Length: 0


;200;1099
2019-04-09 21:30:28;SimpleConsoleCPP;13;6;HTTP/1.1 204 OK
Cache-Control: no-store
Pragma: no-cache
Age: 0
Connection: keep-alive
Content-Length: 0


;200;1307
2019-04-09 21:30:28;SimpleConsoleCPP;13;7;HTTP/1.1 204 OK
Cache-Control: no-store
Pragma: no-cache
Age: 0
Connection: keep-alive
Content-Length: 0


;200;1524
2019-04-09 21:30:28;SimpleConsoleCPP;13;0;HTTP/1.1 204 OK
Cache-Control: no-store
Pragma: no-cache
Age: 0
Connection: keep-alive
Content-Length: 0


;200;1748
2019-04-09 21:30:28;SimpleConsoleCPP;13;8;HTTP/1.1 204 OK
Cache-Control: no-store
Pragma: no-cache
Age: 0
Connection: keep-alive
Content-Length: 0


;200;1959
2019-04-09 21:30:28;SimpleConsoleCPP;13;9;HTTP/1.1 204 OK
Cache-Control: no-store
Pragma: no-cache
Age: 0
Connection: keep-alive
Content-Length: 0


;200;2175
2019-04-09 21:30:31;SimpleConsoleCPP;14;1;HTTP/1.1 204 OK
Cache-Control: no-store
Pragma: no-cache
Age: 0
Connection: keep-alive
Content-Length: 0


;200;229
2019-04-09 21:30:31;SimpleConsoleCPP;14;0;HTTP/1.1 204 OK
Cache-Control: no-store
Pragma: no-cache
Age: 0
Connection: keep-alive
Content-Length: 0


;200;455
2019-04-09 21:30:31;SimpleConsoleCPP;14;4;HTTP/1.1 204 OK
Cache-Control: no-store
Pragma: no-cache
Age: 0
Connection: keep-alive
Content-Length: 0


;200;672
2019-04-09 21:30:31;SimpleConsoleCPP;14;3;HTTP/1.1 204 OK
Cache-Control: no-store
Pragma: no-cache
Age: 0
Connection: keep-alive
Content-Length: 0


;200;874
2019-04-09 21:30:31;SimpleConsoleCPP;14;6;HTTP/1.1 204 OK
Cache-Control: no-store
Pragma: no-cache
Age: 0
Connection: keep-alive
Content-Length: 0


;200;1097
2019-04-09 21:30:31;SimpleConsoleCPP;14;7;HTTP/1.1 204 OK
Cache-Control: no-store
Pragma: no-cache
Age: 0
Connection: keep-alive
Content-Length: 0


;200;1307
2019-04-09 21:30:31;SimpleConsoleCPP;14;8;HTTP/1.1 204 OK
Cache-Control: no-store
Pragma: no-cache
Age: 0
Connection: keep-alive
Content-Length: 0


;200;1528
2019-04-09 21:30:31;SimpleConsoleCPP;14;2;HTTP/1.1 204 OK
Cache-Control: no-store
Pragma: no-cache
Age: 0
Connection: keep-alive
Content-Length: 0


;200;1749
2019-04-09 21:30:31;SimpleConsoleCPP;14;5;HTTP/1.1 204 OK
Cache-Control: no-store
Pragma: no-cache
Age: 0
Connection: keep-alive
Content-Length: 0


;200;1961
2019-04-09 21:30:31;SimpleConsoleCPP;14;9;HTTP/1.1 204 OK
Cache-Control: no-store
Pragma: no-cache
Age: 0
Connection: keep-alive
Content-Length: 0


;200;2175
2019-04-09 21:30:34;SimpleConsoleCPP;15;3;HTTP/1.1 204 OK
Cache-Control: no-store
Pragma: no-cache
Age: 0
Connection: keep-alive
Content-Length: 0


;200;220
2019-04-09 21:30:34;SimpleConsoleCPP;15;1;HTTP/1.1 204 OK
Cache-Control: no-store
Pragma: no-cache
Age: 0
Connection: keep-alive
Content-Length: 0


;200;431
2019-04-09 21:30:34;SimpleConsoleCPP;15;0;HTTP/1.1 204 OK
Cache-Control: no-store
Pragma: no-cache
Age: 0
Connection: keep-alive
Content-Length: 0


;200;645
2019-04-09 21:30:34;SimpleConsoleCPP;15;4;HTTP/1.1 204 OK
Cache-Control: no-store
Pragma: no-cache
Age: 0
Connection: keep-alive
Content-Length: 0


;200;869
2019-04-09 21:30:34;SimpleConsoleCPP;15;2;HTTP/1.1 204 OK
Cache-Control: no-store
Pragma: no-cache
Age: 0
Connection: keep-alive
Content-Length: 0


;200;1086
2019-04-09 21:30:34;SimpleConsoleCPP;15;9;HTTP/1.1 204 OK
Cache-Control: no-store
Pragma: no-cache
Age: 0
Connection: keep-alive
Content-Length: 0


;200;1301
2019-04-09 21:30:34;SimpleConsoleCPP;15;8;HTTP/1.1 204 OK
Cache-Control: no-store
Pragma: no-cache
Age: 0
Connection: keep-alive
Content-Length: 0


;200;1524
2019-04-09 21:30:34;SimpleConsoleCPP;15;7;HTTP/1.1 204 OK
Cache-Control: no-store
Pragma: no-cache
Age: 0
Connection: keep-alive
Content-Length: 0


;200;1972
2019-04-09 21:30:34;SimpleConsoleCPP;15;5;HTTP/1.1 204 OK
Cache-Control: no-store
Pragma: no-cache
Age: 0
Connection: keep-alive
Content-Length: 0


;200;2190
2019-04-09 21:30:34;SimpleConsoleCPP;15;6;HTTP/1.1 204 OK
Cache-Control: no-store
Pragma: no-cache
Age: 0
Connection: keep-alive
Content-Length: 0


;200;2402
2019-04-09 21:30:38;SimpleConsoleCPP;16;0;HTTP/1.1 204 OK
Cache-Control: no-store
Pragma: no-cache
Age: 0
Connection: keep-alive
Content-Length: 0


;200;238
2019-04-09 21:30:38;SimpleConsoleCPP;16;4;HTTP/1.1 204 OK
Cache-Control: no-store
Pragma: no-cache
Age: 0
Connection: keep-alive
Content-Length: 0


;200;462
2019-04-09 21:30:38;SimpleConsoleCPP;16;2;HTTP/1.1 204 OK
Cache-Control: no-store
Pragma: no-cache
Age: 0
Connection: keep-alive
Content-Length: 0


;200;680
2019-04-09 21:30:38;SimpleConsoleCPP;16;1;HTTP/1.1 204 OK
Cache-Control: no-store
Pragma: no-cache
Age: 0
Connection: keep-alive
Content-Length: 0


;200;893
2019-04-09 21:30:38;SimpleConsoleCPP;16;3;HTTP/1.1 204 OK
Cache-Control: no-store
Pragma: no-cache
Age: 0
Connection: keep-alive
Content-Length: 0


;200;1112
2019-04-09 21:30:38;SimpleConsoleCPP;16;5;HTTP/1.1 204 OK
Cache-Control: no-store
Pragma: no-cache
Age: 0
Connection: keep-alive
Content-Length: 0


;200;1319
2019-04-09 21:30:38;SimpleConsoleCPP;16;6;HTTP/1.1 204 OK
Cache-Control: no-store
Pragma: no-cache
Age: 0
Connection: keep-alive
Content-Length: 0


;200;1535
2019-04-09 21:30:38;SimpleConsoleCPP;16;9;HTTP/1.1 204 OK
Cache-Control: no-store
Pragma: no-cache
Age: 0
Connection: keep-alive
Content-Length: 0


;200;1747
2019-04-09 21:30:38;SimpleConsoleCPP;16;8;HTTP/1.1 204 OK
Cache-Control: no-store
Pragma: no-cache
Age: 0
Connection: keep-alive
Content-Length: 0


;200;1951
2019-04-09 21:30:38;SimpleConsoleCPP;16;7;HTTP/1.1 204 OK
Cache-Control: no-store
Pragma: no-cache
Age: 0
Connection: keep-alive
Content-Length: 0


;200;2157
2019-04-09 21:30:41;SimpleConsoleCPP;17;2;HTTP/1.1 204 OK
Cache-Control: no-store
Pragma: no-cache
Age: 0
Connection: keep-alive
Content-Length: 0


;200;235
2019-04-09 21:30:41;SimpleConsoleCPP;17;5;HTTP/1.1 204 OK
Cache-Control: no-store
Pragma: no-cache
Age: 0
Connection: keep-alive
Content-Length: 0


;200;551
2019-04-09 21:30:41;SimpleConsoleCPP;17;1;HTTP/1.1 204 OK
Cache-Control: no-store
Pragma: no-cache
Age: 0
Connection: keep-alive
Content-Length: 0


;200;833
2019-04-09 21:30:41;SimpleConsoleCPP;17;4;HTTP/1.1 204 OK
Cache-Control: no-store
Pragma: no-cache
Age: 0
Connection: keep-alive
Content-Length: 0


;200;1058
2019-04-09 21:30:41;SimpleConsoleCPP;17;3;HTTP/1.1 204 OK
Cache-Control: no-store
Pragma: no-cache
Age: 0
Connection: keep-alive
Content-Length: 0


;200;1265
2019-04-09 21:30:41;SimpleConsoleCPP;17;0;HTTP/1.1 204 OK
Cache-Control: no-store
Pragma: no-cache
Age: 0
Connection: keep-alive
Content-Length: 0


;200;1478
2019-04-09 21:30:41;SimpleConsoleCPP;17;6;HTTP/1.1 204 OK
Cache-Control: no-store
Pragma: no-cache
Age: 0
Connection: keep-alive
Content-Length: 0


;200;1679
2019-04-09 21:30:41;SimpleConsoleCPP;17;9;HTTP/1.1 204 OK
Cache-Control: no-store
Pragma: no-cache
Age: 0
Connection: keep-alive
Content-Length: 0


;200;1893
2019-04-09 21:30:41;SimpleConsoleCPP;17;8;HTTP/1.1 204 OK
Cache-Control: no-store
Pragma: no-cache
Age: 0
Connection: keep-alive
Content-Length: 0


;200;2119
2019-04-09 21:30:41;SimpleConsoleCPP;17;7;HTTP/1.1 204 OK
Cache-Control: no-store
Pragma: no-cache
Age: 0
Connection: keep-alive
Content-Length: 0


;200;2334
2019-04-09 21:30:44;SimpleConsoleCPP;18;5;HTTP/1.1 204 OK
Cache-Control: no-store
Pragma: no-cache
Age: 0
Connection: keep-alive
Content-Length: 0


;200;233
2019-04-09 21:30:44;SimpleConsoleCPP;18;7;HTTP/1.1 204 OK
Cache-Control: no-store
Pragma: no-cache
Age: 0
Connection: keep-alive
Content-Length: 0


;200;448
2019-04-09 21:30:44;SimpleConsoleCPP;18;2;HTTP/1.1 204 OK
Cache-Control: no-store
Pragma: no-cache
Age: 0
Connection: keep-alive
Content-Length: 0


;200;664
2019-04-09 21:30:44;SimpleConsoleCPP;18;9;HTTP/1.1 204 OK
Cache-Control: no-store
Pragma: no-cache
Age: 0
Connection: keep-alive
Content-Length: 0


;200;878
2019-04-09 21:30:44;SimpleConsoleCPP;18;3;HTTP/1.1 204 OK
Cache-Control: no-store
Pragma: no-cache
Age: 0
Connection: keep-alive
Content-Length: 0


;200;1092
2019-04-09 21:30:44;SimpleConsoleCPP;18;6;HTTP/1.1 204 OK
Cache-Control: no-store
Pragma: no-cache
Age: 0
Connection: keep-alive
Content-Length: 0


;200;1298
2019-04-09 21:30:44;SimpleConsoleCPP;18;8;HTTP/1.1 204 OK
Cache-Control: no-store
Pragma: no-cache
Age: 0
Connection: keep-alive
Content-Length: 0


;200;1499
2019-04-09 21:30:44;SimpleConsoleCPP;18;0;HTTP/1.1 204 OK
Cache-Control: no-store
Pragma: no-cache
Age: 0
Connection: keep-alive
Content-Length: 0


;200;1719
2019-04-09 21:30:44;SimpleConsoleCPP;18;1;HTTP/1.1 204 OK
Cache-Control: no-store
Pragma: no-cache
Age: 0
Connection: keep-alive
Content-Length: 0


;200;1939
2019-04-09 21:30:44;SimpleConsoleCPP;18;4;HTTP/1.1 204 OK
Cache-Control: no-store
Pragma: no-cache
Age: 0
Connection: keep-alive
Content-Length: 0


;200;2153
2019-04-09 21:30:50;SimpleConsoleCPP;19;2;HTTP/1.1 204 OK
Cache-Control: no-store
Pragma: no-cache
Age: 0
Connection: keep-alive
Content-Length: 0


;200;211
2019-04-09 21:30:50;SimpleConsoleCPP;19;0;HTTP/1.1 204 OK
Cache-Control: no-store
Pragma: no-cache
Age: 0
Connection: keep-alive
Content-Length: 0


;200;429
2019-04-09 21:30:50;SimpleConsoleCPP;19;1;HTTP/1.1 204 OK
Cache-Control: no-store
Pragma: no-cache
Age: 0
Connection: keep-alive
Content-Length: 0


;200;645
2019-04-09 21:30:50;SimpleConsoleCPP;19;4;HTTP/1.1 204 OK
Cache-Control: no-store
Pragma: no-cache
Age: 0
Connection: keep-alive
Content-Length: 0


;200;863
2019-04-09 21:30:50;SimpleConsoleCPP;19;3;HTTP/1.1 204 OK
Cache-Control: no-store
Pragma: no-cache
Age: 0
Connection: keep-alive
Content-Length: 0


;200;1078
2019-04-09 21:30:50;SimpleConsoleCPP;19;7;HTTP/1.1 204 OK
Cache-Control: no-store
Pragma: no-cache
Age: 0
Connection: keep-alive
Content-Length: 0


;200;4301
2019-04-09 21:30:50;SimpleConsoleCPP;19;9;HTTP/1.1 204 OK
Cache-Control: no-store
Pragma: no-cache
Age: 0
Connection: keep-alive
Content-Length: 0


;200;4516
2019-04-09 21:30:50;SimpleConsoleCPP;19;5;HTTP/1.1 204 OK
Cache-Control: no-store
Pragma: no-cache
Age: 0
Connection: keep-alive
Content-Length: 0


;200;4729
2019-04-09 21:30:50;SimpleConsoleCPP;19;6;HTTP/1.1 204 OK
Cache-Control: no-store
Pragma: no-cache
Age: 0
Connection: keep-alive
Content-Length: 0


;200;4952
2019-04-09 21:30:50;SimpleConsoleCPP;19;8;HTTP/1.1 204 OK
Cache-Control: no-store
Pragma: no-cache
Age: 0
Connection: keep-alive
Content-Length: 0


;200;5164
