2019-09-15 02:28:35;SimpleConsole;0;0;Status code (204) Body (<empty>);200;638
2019-09-15 02:28:35;SimpleConsole;0;6;Status code (204) Body (<empty>);200;638
2019-09-15 02:28:35;SimpleConsole;0;1;Status code (204) Body (<empty>);200;638
2019-09-15 02:28:35;SimpleConsole;0;3;Status code (204) Body (<empty>);200;638
2019-09-15 02:28:35;SimpleConsole;0;8;Status code (204) Body (<empty>);200;637
2019-09-15 02:28:35;SimpleConsole;0;7;Status code (204) Body (<empty>);200;638
2019-09-15 02:28:35;SimpleConsole;0;5;Status code (204) Body (<empty>);200;638
2019-09-15 02:28:35;SimpleConsole;0;4;Status code (204) Body (<empty>);200;638
2019-09-15 02:28:35;SimpleConsole;0;9;Status code (204) Body (<empty>);200;637
2019-09-15 02:28:35;SimpleConsole;0;2;Status code (204) Body (<empty>);200;638
2019-09-15 02:28:36;SimpleConsole;1;8;Status code (204) Body (<empty>);200;243
2019-09-15 02:28:36;SimpleConsole;1;2;Status code (204) Body (<empty>);200;253
2019-09-15 02:28:36;SimpleConsole;1;7;Status code (204) Body (<empty>);200;257
2019-09-15 02:28:36;SimpleConsole;1;5;Status code (204) Body (<empty>);200;261
2019-09-15 02:28:36;SimpleConsole;1;4;Status code (204) Body (<empty>);200;263
2019-09-15 02:28:36;SimpleConsole;1;3;Status code (204) Body (<empty>);200;265
2019-09-15 02:28:36;SimpleConsole;1;1;Status code (204) Body (<empty>);200;265
2019-09-15 02:28:36;SimpleConsole;1;9;Status code (204) Body (<empty>);200;264
2019-09-15 02:28:36;SimpleConsole;1;0;Status code (204) Body (<empty>);200;266
2019-09-15 02:28:36;SimpleConsole;1;6;Status code (204) Body (<empty>);200;265
2019-09-15 02:28:37;SimpleConsole;2;7;Status code (204) Body (<empty>);200;251
2019-09-15 02:28:37;SimpleConsole;2;2;Status code (204) Body (<empty>);200;253
2019-09-15 02:28:37;SimpleConsole;2;4;Status code (204) Body (<empty>);200;255
2019-09-15 02:28:37;SimpleConsole;2;3;Status code (204) Body (<empty>);200;255
2019-09-15 02:28:37;SimpleConsole;2;9;Status code (204) Body (<empty>);200;262
2019-09-15 02:28:37;SimpleConsole;2;5;Status code (204) Body (<empty>);200;262
2019-09-15 02:28:37;SimpleConsole;2;0;Status code (204) Body (<empty>);200;272
2019-09-15 02:28:37;SimpleConsole;2;1;Status code (204) Body (<empty>);200;272
2019-09-15 02:28:37;SimpleConsole;2;8;Status code (204) Body (<empty>);200;272
2019-09-15 02:28:37;SimpleConsole;2;6;Status code (204) Body (<empty>);200;278
2019-09-15 02:28:39;SimpleConsole;3;8;Status code (204) Body (<empty>);200;235
2019-09-15 02:28:39;SimpleConsole;3;4;Status code (204) Body (<empty>);200;235
2019-09-15 02:28:39;SimpleConsole;3;3;Status code (204) Body (<empty>);200;236
2019-09-15 02:28:39;SimpleConsole;3;1;Status code (204) Body (<empty>);200;238
2019-09-15 02:28:39;SimpleConsole;3;0;Status code (204) Body (<empty>);200;239
2019-09-15 02:28:39;SimpleConsole;3;6;Status code (204) Body (<empty>);200;241
2019-09-15 02:28:39;SimpleConsole;3;2;Status code (204) Body (<empty>);200;242
2019-09-15 02:28:39;SimpleConsole;3;9;Status code (204) Body (<empty>);200;243
2019-09-15 02:28:39;SimpleConsole;3;7;Status code (204) Body (<empty>);200;248
2019-09-15 02:28:39;SimpleConsole;3;5;Status code (204) Body (<empty>);200;248
2019-09-15 02:28:40;SimpleConsole;4;8;Status code (204) Body (<empty>);200;225
2019-09-15 02:28:40;SimpleConsole;4;9;Status code (204) Body (<empty>);200;233
2019-09-15 02:28:40;SimpleConsole;4;4;Status code (204) Body (<empty>);200;237
2019-09-15 02:28:40;SimpleConsole;4;7;Status code (204) Body (<empty>);200;238
2019-09-15 02:28:40;SimpleConsole;4;3;Status code (204) Body (<empty>);200;240
2019-09-15 02:28:40;SimpleConsole;4;0;Status code (204) Body (<empty>);200;243
2019-09-15 02:28:40;SimpleConsole;4;6;Status code (204) Body (<empty>);200;245
2019-09-15 02:28:40;SimpleConsole;4;5;Status code (204) Body (<empty>);200;246
2019-09-15 02:28:40;SimpleConsole;4;1;Status code (204) Body (<empty>);200;249
2019-09-15 02:28:40;SimpleConsole;4;2;Status code (204) Body (<empty>);200;468
2019-09-15 02:28:42;SimpleConsole;5;8;Status code (204) Body (<empty>);200;233
2019-09-15 02:28:42;SimpleConsole;5;9;Status code (204) Body (<empty>);200;235
2019-09-15 02:28:42;SimpleConsole;5;7;Status code (204) Body (<empty>);200;239
2019-09-15 02:28:42;SimpleConsole;5;1;Status code (204) Body (<empty>);200;241
2019-09-15 02:28:42;SimpleConsole;5;4;Status code (204) Body (<empty>);200;241
2019-09-15 02:28:42;SimpleConsole;5;5;Status code (204) Body (<empty>);200;244
2019-09-15 02:28:42;SimpleConsole;5;2;Status code (204) Body (<empty>);200;244
2019-09-15 02:28:42;SimpleConsole;5;0;Status code (204) Body (<empty>);200;244
2019-09-15 02:28:42;SimpleConsole;5;6;Status code (204) Body (<empty>);200;245
2019-09-15 02:28:42;SimpleConsole;5;3;Status code (204) Body (<empty>);200;463
2019-09-15 02:28:43;SimpleConsole;6;2;Status code (204) Body (<empty>);200;227
2019-09-15 02:28:43;SimpleConsole;6;6;Status code (204) Body (<empty>);200;227
2019-09-15 02:28:43;SimpleConsole;6;1;Status code (204) Body (<empty>);200;234
2019-09-15 02:28:43;SimpleConsole;6;3;Status code (204) Body (<empty>);200;235
2019-09-15 02:28:43;SimpleConsole;6;4;Status code (204) Body (<empty>);200;238
2019-09-15 02:28:43;SimpleConsole;6;8;Status code (204) Body (<empty>);200;238
2019-09-15 02:28:43;SimpleConsole;6;7;Status code (204) Body (<empty>);200;240
2019-09-15 02:28:43;SimpleConsole;6;9;Status code (204) Body (<empty>);200;240
2019-09-15 02:28:43;SimpleConsole;6;5;Status code (204) Body (<empty>);200;245
2019-09-15 02:28:43;SimpleConsole;6;0;Status code (204) Body (<empty>);200;247
2019-09-15 02:28:44;SimpleConsole;7;3;Status code (204) Body (<empty>);200;233
2019-09-15 02:28:44;SimpleConsole;7;8;Status code (204) Body (<empty>);200;241
2019-09-15 02:28:44;SimpleConsole;7;7;Status code (204) Body (<empty>);200;242
2019-09-15 02:28:44;SimpleConsole;7;1;Status code (204) Body (<empty>);200;244
2019-09-15 02:28:44;SimpleConsole;7;0;Status code (204) Body (<empty>);200;245
2019-09-15 02:28:44;SimpleConsole;7;9;Status code (204) Body (<empty>);200;244
2019-09-15 02:28:44;SimpleConsole;7;2;Status code (204) Body (<empty>);200;246
2019-09-15 02:28:44;SimpleConsole;7;5;Status code (204) Body (<empty>);200;246
2019-09-15 02:28:44;SimpleConsole;7;6;Status code (204) Body (<empty>);200;253
2019-09-15 02:28:44;SimpleConsole;7;4;Status code (204) Body (<empty>);200;257
2019-09-15 02:28:46;SimpleConsole;8;0;Status code (204) Body (<empty>);200;241
2019-09-15 02:28:46;SimpleConsole;8;2;Status code (204) Body (<empty>);200;243
2019-09-15 02:28:46;SimpleConsole;8;7;Status code (204) Body (<empty>);200;245
2019-09-15 02:28:46;SimpleConsole;8;6;Status code (204) Body (<empty>);200;248
2019-09-15 02:28:46;SimpleConsole;8;3;Status code (204) Body (<empty>);200;256
2019-09-15 02:28:46;SimpleConsole;8;5;Status code (204) Body (<empty>);200;271
2019-09-15 02:28:46;SimpleConsole;8;1;Status code (204) Body (<empty>);200;271
2019-09-15 02:28:46;SimpleConsole;8;8;Status code (204) Body (<empty>);200;279
2019-09-15 02:28:46;SimpleConsole;8;9;Status code (204) Body (<empty>);200;279
2019-09-15 02:28:46;SimpleConsole;8;4;Status code (204) Body (<empty>);200;476
2019-09-15 02:28:47;SimpleConsole;9;4;Status code (204) Body (<empty>);200;362
2019-09-15 02:28:47;SimpleConsole;9;1;Status code (204) Body (<empty>);200;365
2019-09-15 02:28:47;SimpleConsole;9;0;Status code (204) Body (<empty>);200;365
2019-09-15 02:28:47;SimpleConsole;9;3;Status code (204) Body (<empty>);200;368
2019-09-15 02:28:47;SimpleConsole;9;6;Status code (204) Body (<empty>);200;367
2019-09-15 02:28:47;SimpleConsole;9;7;Status code (204) Body (<empty>);200;370
2019-09-15 02:28:47;SimpleConsole;9;2;Status code (204) Body (<empty>);200;378
2019-09-15 02:28:47;SimpleConsole;9;8;Status code (204) Body (<empty>);200;377
2019-09-15 02:28:47;SimpleConsole;9;5;Status code (204) Body (<empty>);200;377
2019-09-15 02:28:47;SimpleConsole;9;9;Status code (204) Body (<empty>);200;382
