2019-03-20 15:39:19;SimpleConsoleRust;0;5;RUST status [204 No Content] body [Ok("")];200;715
2019-03-20 15:39:19;SimpleConsoleRust;0;0;RUST status [204 No Content] body [Ok("")];200;716
2019-03-20 15:39:19;SimpleConsoleRust;0;2;RUST status [204 No Content] body [Ok("")];200;715
2019-03-20 15:39:19;SimpleConsoleRust;0;3;RUST status [204 No Content] body [Ok("")];200;765
2019-03-20 15:39:19;SimpleConsoleRust;0;8;RUST status [204 No Content] body [Ok("")];200;766
2019-03-20 15:39:19;SimpleConsoleRust;0;1;RUST status [204 No Content] body [Ok("")];200;770
2019-03-20 15:39:19;SimpleConsoleRust;0;6;RUST status [204 No Content] body [Ok("")];200;774
2019-03-20 15:39:19;SimpleConsoleRust;0;7;RUST status [204 No Content] body [Ok("")];200;781
2019-03-20 15:39:19;SimpleConsoleRust;0;4;RUST status [204 No Content] body [Ok("")];200;788
2019-03-20 15:39:19;SimpleConsoleRust;0;9;RUST status [204 No Content] body [Ok("")];200;815
2019-03-20 15:39:20;SimpleConsoleRust;1;4;RUST status [204 No Content] body [Ok("")];200;244
2019-03-20 15:39:20;SimpleConsoleRust;1;6;RUST status [204 No Content] body [Ok("")];200;246
2019-03-20 15:39:20;SimpleConsoleRust;1;2;RUST status [204 No Content] body [Ok("")];200;251
2019-03-20 15:39:20;SimpleConsoleRust;1;5;RUST status [204 No Content] body [Ok("")];200;252
2019-03-20 15:39:20;SimpleConsoleRust;1;0;RUST status [204 No Content] body [Ok("")];200;255
2019-03-20 15:39:20;SimpleConsoleRust;1;7;RUST status [204 No Content] body [Ok("")];200;252
2019-03-20 15:39:20;SimpleConsoleRust;1;1;RUST status [204 No Content] body [Ok("")];200;256
2019-03-20 15:39:20;SimpleConsoleRust;1;9;RUST status [204 No Content] body [Ok("")];200;252
2019-03-20 15:39:20;SimpleConsoleRust;1;3;RUST status [204 No Content] body [Ok("")];200;268
2019-03-20 15:39:20;SimpleConsoleRust;1;8;RUST status [204 No Content] body [Ok("")];200;265
2019-03-20 15:39:22;SimpleConsoleRust;2;1;RUST status [204 No Content] body [Ok("")];200;257
2019-03-20 15:39:22;SimpleConsoleRust;2;0;RUST status [204 No Content] body [Ok("")];200;256
2019-03-20 15:39:22;SimpleConsoleRust;2;7;RUST status [204 No Content] body [Ok("")];200;259
2019-03-20 15:39:22;SimpleConsoleRust;2;4;RUST status [204 No Content] body [Ok("")];200;259
2019-03-20 15:39:22;SimpleConsoleRust;2;3;RUST status [204 No Content] body [Ok("")];200;260
2019-03-20 15:39:22;SimpleConsoleRust;2;6;RUST status [204 No Content] body [Ok("")];200;255
2019-03-20 15:39:22;SimpleConsoleRust;2;2;RUST status [204 No Content] body [Ok("")];200;262
2019-03-20 15:39:22;SimpleConsoleRust;2;5;RUST status [204 No Content] body [Ok("")];200;263
2019-03-20 15:39:22;SimpleConsoleRust;2;9;RUST status [204 No Content] body [Ok("")];200;243
2019-03-20 15:39:22;SimpleConsoleRust;2;8;RUST status [204 No Content] body [Ok("")];200;243
2019-03-20 15:39:23;SimpleConsoleRust;3;4;RUST status [204 No Content] body [Ok("")];200;237
2019-03-20 15:39:23;SimpleConsoleRust;3;3;RUST status [204 No Content] body [Ok("")];200;240
2019-03-20 15:39:23;SimpleConsoleRust;3;1;RUST status [204 No Content] body [Ok("")];200;242
2019-03-20 15:39:23;SimpleConsoleRust;3;9;RUST status [204 No Content] body [Ok("")];200;228
2019-03-20 15:39:23;SimpleConsoleRust;3;6;RUST status [204 No Content] body [Ok("")];200;230
2019-03-20 15:39:23;SimpleConsoleRust;3;7;RUST status [204 No Content] body [Ok("")];200;241
2019-03-20 15:39:23;SimpleConsoleRust;3;5;RUST status [204 No Content] body [Ok("")];200;250
2019-03-20 15:39:23;SimpleConsoleRust;3;8;RUST status [204 No Content] body [Ok("")];200;235
2019-03-20 15:39:23;SimpleConsoleRust;3;2;RUST status [204 No Content] body [Ok("")];200;298
2019-03-20 15:39:23;SimpleConsoleRust;3;0;RUST status [204 No Content] body [Ok("")];200;301
2019-03-20 15:39:24;SimpleConsoleRust;4;4;RUST status [204 No Content] body [Ok("")];200;227
2019-03-20 15:39:24;SimpleConsoleRust;4;0;RUST status [204 No Content] body [Ok("")];200;231
2019-03-20 15:39:24;SimpleConsoleRust;4;5;RUST status [204 No Content] body [Ok("")];200;237
2019-03-20 15:39:24;SimpleConsoleRust;4;1;RUST status [204 No Content] body [Ok("")];200;239
2019-03-20 15:39:24;SimpleConsoleRust;4;2;RUST status [204 No Content] body [Ok("")];200;239
2019-03-20 15:39:24;SimpleConsoleRust;4;7;RUST status [204 No Content] body [Ok("")];200;244
2019-03-20 15:39:24;SimpleConsoleRust;4;8;RUST status [204 No Content] body [Ok("")];200;250
2019-03-20 15:39:24;SimpleConsoleRust;4;9;RUST status [204 No Content] body [Ok("")];200;251
2019-03-20 15:39:24;SimpleConsoleRust;4;3;RUST status [204 No Content] body [Ok("")];200;253
2019-03-20 15:39:24;SimpleConsoleRust;4;6;RUST status [204 No Content] body [Ok("")];200;251
2019-03-20 15:39:25;SimpleConsoleRust;5;5;RUST status [204 No Content] body [Ok("")];200;223
2019-03-20 15:39:25;SimpleConsoleRust;5;4;RUST status [204 No Content] body [Ok("")];200;231
2019-03-20 15:39:25;SimpleConsoleRust;5;6;RUST status [204 No Content] body [Ok("")];200;232
2019-03-20 15:39:25;SimpleConsoleRust;5;3;RUST status [204 No Content] body [Ok("")];200;237
2019-03-20 15:39:25;SimpleConsoleRust;5;8;RUST status [204 No Content] body [Ok("")];200;236
2019-03-20 15:39:25;SimpleConsoleRust;5;0;RUST status [204 No Content] body [Ok("")];200;241
2019-03-20 15:39:25;SimpleConsoleRust;5;7;RUST status [204 No Content] body [Ok("")];200;246
2019-03-20 15:39:25;SimpleConsoleRust;5;1;RUST status [204 No Content] body [Ok("")];200;258
2019-03-20 15:39:25;SimpleConsoleRust;5;2;RUST status [204 No Content] body [Ok("")];200;264
2019-03-20 15:39:25;SimpleConsoleRust;5;9;RUST status [204 No Content] body [Ok("")];200;263
2019-03-20 15:39:27;SimpleConsoleRust;6;5;RUST status [204 No Content] body [Ok("")];200;221
2019-03-20 15:39:27;SimpleConsoleRust;6;6;RUST status [204 No Content] body [Ok("")];200;223
2019-03-20 15:39:27;SimpleConsoleRust;6;4;RUST status [204 No Content] body [Ok("")];200;224
2019-03-20 15:39:27;SimpleConsoleRust;6;2;RUST status [204 No Content] body [Ok("")];200;229
2019-03-20 15:39:27;SimpleConsoleRust;6;1;RUST status [204 No Content] body [Ok("")];200;233
2019-03-20 15:39:27;SimpleConsoleRust;6;3;RUST status [204 No Content] body [Ok("")];200;236
2019-03-20 15:39:27;SimpleConsoleRust;6;9;RUST status [204 No Content] body [Ok("")];200;235
2019-03-20 15:39:27;SimpleConsoleRust;6;8;RUST status [204 No Content] body [Ok("")];200;237
2019-03-20 15:39:27;SimpleConsoleRust;6;7;RUST status [204 No Content] body [Ok("")];200;240
2019-03-20 15:39:27;SimpleConsoleRust;6;0;RUST status [204 No Content] body [Ok("")];200;243
2019-03-20 15:39:28;SimpleConsoleRust;7;3;RUST status [204 No Content] body [Ok("")];200;238
2019-03-20 15:39:28;SimpleConsoleRust;7;9;RUST status [204 No Content] body [Ok("")];200;236
2019-03-20 15:39:28;SimpleConsoleRust;7;7;RUST status [204 No Content] body [Ok("")];200;241
2019-03-20 15:39:28;SimpleConsoleRust;7;4;RUST status [204 No Content] body [Ok("")];200;246
2019-03-20 15:39:28;SimpleConsoleRust;7;0;RUST status [204 No Content] body [Ok("")];200;247
2019-03-20 15:39:28;SimpleConsoleRust;7;8;RUST status [204 No Content] body [Ok("")];200;244
2019-03-20 15:39:28;SimpleConsoleRust;7;5;RUST status [204 No Content] body [Ok("")];200;247
2019-03-20 15:39:28;SimpleConsoleRust;7;6;RUST status [204 No Content] body [Ok("")];200;254
2019-03-20 15:39:28;SimpleConsoleRust;7;2;RUST status [204 No Content] body [Ok("")];200;266
2019-03-20 15:39:28;SimpleConsoleRust;7;1;RUST status [204 No Content] body [Ok("")];200;295
2019-03-20 15:39:29;SimpleConsoleRust;8;7;RUST status [204 No Content] body [Ok("")];200;234
2019-03-20 15:39:29;SimpleConsoleRust;8;3;RUST status [204 No Content] body [Ok("")];200;235
2019-03-20 15:39:29;SimpleConsoleRust;8;9;RUST status [204 No Content] body [Ok("")];200;241
2019-03-20 15:39:29;SimpleConsoleRust;8;4;RUST status [204 No Content] body [Ok("")];200;244
2019-03-20 15:39:29;SimpleConsoleRust;8;0;RUST status [204 No Content] body [Ok("")];200;246
2019-03-20 15:39:29;SimpleConsoleRust;8;5;RUST status [204 No Content] body [Ok("")];200;245
2019-03-20 15:39:29;SimpleConsoleRust;8;1;RUST status [204 No Content] body [Ok("")];200;246
2019-03-20 15:39:29;SimpleConsoleRust;8;6;RUST status [204 No Content] body [Ok("")];200;245
2019-03-20 15:39:29;SimpleConsoleRust;8;8;RUST status [204 No Content] body [Ok("")];200;246
2019-03-20 15:39:29;SimpleConsoleRust;8;2;RUST status [204 No Content] body [Ok("")];200;248
2019-03-20 15:39:31;SimpleConsoleRust;9;1;RUST status [204 No Content] body [Ok("")];200;227
2019-03-20 15:39:31;SimpleConsoleRust;9;8;RUST status [204 No Content] body [Ok("")];200;227
2019-03-20 15:39:31;SimpleConsoleRust;9;0;RUST status [204 No Content] body [Ok("")];200;229
2019-03-20 15:39:31;SimpleConsoleRust;9;3;RUST status [204 No Content] body [Ok("")];200;231
2019-03-20 15:39:31;SimpleConsoleRust;9;9;RUST status [204 No Content] body [Ok("")];200;233
2019-03-20 15:39:31;SimpleConsoleRust;9;6;RUST status [204 No Content] body [Ok("")];200;237
2019-03-20 15:39:31;SimpleConsoleRust;9;7;RUST status [204 No Content] body [Ok("")];200;236
2019-03-20 15:39:31;SimpleConsoleRust;9;5;RUST status [204 No Content] body [Ok("")];200;238
2019-03-20 15:39:31;SimpleConsoleRust;9;2;RUST status [204 No Content] body [Ok("")];200;246
2019-03-20 15:39:31;SimpleConsoleRust;9;4;RUST status [204 No Content] body [Ok("")];200;547
2019-03-20 15:39:32;SimpleConsoleRust;10;9;RUST status [204 No Content] body [Ok("")];200;227
2019-03-20 15:39:32;SimpleConsoleRust;10;1;RUST status [204 No Content] body [Ok("")];200;232
2019-03-20 15:39:32;SimpleConsoleRust;10;4;RUST status [204 No Content] body [Ok("")];200;234
2019-03-20 15:39:32;SimpleConsoleRust;10;2;RUST status [204 No Content] body [Ok("")];200;236
2019-03-20 15:39:32;SimpleConsoleRust;10;0;RUST status [204 No Content] body [Ok("")];200;236
2019-03-20 15:39:32;SimpleConsoleRust;10;8;RUST status [204 No Content] body [Ok("")];200;234
2019-03-20 15:39:32;SimpleConsoleRust;10;5;RUST status [204 No Content] body [Ok("")];200;238
2019-03-20 15:39:32;SimpleConsoleRust;10;3;RUST status [204 No Content] body [Ok("")];200;240
2019-03-20 15:39:32;SimpleConsoleRust;10;6;RUST status [204 No Content] body [Ok("")];200;245
2019-03-20 15:39:32;SimpleConsoleRust;10;7;RUST status [204 No Content] body [Ok("")];200;376
2019-03-20 15:39:34;SimpleConsoleRust;11;0;RUST status [204 No Content] body [Ok("")];200;228
2019-03-20 15:39:34;SimpleConsoleRust;11;8;RUST status [204 No Content] body [Ok("")];200;225
2019-03-20 15:39:34;SimpleConsoleRust;11;5;RUST status [204 No Content] body [Ok("")];200;234
2019-03-20 15:39:34;SimpleConsoleRust;11;3;RUST status [204 No Content] body [Ok("")];200;241
2019-03-20 15:39:34;SimpleConsoleRust;11;2;RUST status [204 No Content] body [Ok("")];200;241
2019-03-20 15:39:34;SimpleConsoleRust;11;4;RUST status [204 No Content] body [Ok("")];200;241
2019-03-20 15:39:34;SimpleConsoleRust;11;9;RUST status [204 No Content] body [Ok("")];200;239
2019-03-20 15:39:34;SimpleConsoleRust;11;7;RUST status [204 No Content] body [Ok("")];200;242
2019-03-20 15:39:34;SimpleConsoleRust;11;1;RUST status [204 No Content] body [Ok("")];200;245
2019-03-20 15:39:34;SimpleConsoleRust;11;6;RUST status [204 No Content] body [Ok("")];200;270
2019-03-20 15:39:35;SimpleConsoleRust;12;4;RUST status [204 No Content] body [Ok("")];200;238
2019-03-20 15:39:35;SimpleConsoleRust;12;3;RUST status [204 No Content] body [Ok("")];200;238
2019-03-20 15:39:35;SimpleConsoleRust;12;0;RUST status [204 No Content] body [Ok("")];200;241
2019-03-20 15:39:35;SimpleConsoleRust;12;8;RUST status [204 No Content] body [Ok("")];200;238
2019-03-20 15:39:35;SimpleConsoleRust;12;7;RUST status [204 No Content] body [Ok("")];200;242
2019-03-20 15:39:35;SimpleConsoleRust;12;5;RUST status [204 No Content] body [Ok("")];200;249
2019-03-20 15:39:35;SimpleConsoleRust;12;6;RUST status [204 No Content] body [Ok("")];200;249
2019-03-20 15:39:35;SimpleConsoleRust;12;9;RUST status [204 No Content] body [Ok("")];200;247
2019-03-20 15:39:35;SimpleConsoleRust;12;1;RUST status [204 No Content] body [Ok("")];200;284
2019-03-20 15:39:35;SimpleConsoleRust;12;2;RUST status [204 No Content] body [Ok("")];200;503
2019-03-20 15:39:36;SimpleConsoleRust;13;9;RUST status [204 No Content] body [Ok("")];200;227
2019-03-20 15:39:36;SimpleConsoleRust;13;2;RUST status [204 No Content] body [Ok("")];200;229
2019-03-20 15:39:36;SimpleConsoleRust;13;4;RUST status [204 No Content] body [Ok("")];200;233
2019-03-20 15:39:36;SimpleConsoleRust;13;6;RUST status [204 No Content] body [Ok("")];200;232
2019-03-20 15:39:36;SimpleConsoleRust;13;5;RUST status [204 No Content] body [Ok("")];200;234
2019-03-20 15:39:36;SimpleConsoleRust;13;0;RUST status [204 No Content] body [Ok("")];200;236
2019-03-20 15:39:36;SimpleConsoleRust;13;7;RUST status [204 No Content] body [Ok("")];200;236
2019-03-20 15:39:36;SimpleConsoleRust;13;8;RUST status [204 No Content] body [Ok("")];200;239
2019-03-20 15:39:36;SimpleConsoleRust;13;1;RUST status [204 No Content] body [Ok("")];200;243
2019-03-20 15:39:36;SimpleConsoleRust;13;3;RUST status [204 No Content] body [Ok("")];200;245
2019-03-20 15:39:38;SimpleConsoleRust;14;0;RUST status [204 No Content] body [Ok("")];200;218
2019-03-20 15:39:38;SimpleConsoleRust;14;1;RUST status [204 No Content] body [Ok("")];200;226
2019-03-20 15:39:38;SimpleConsoleRust;14;9;RUST status [204 No Content] body [Ok("")];200;224
2019-03-20 15:39:38;SimpleConsoleRust;14;6;RUST status [204 No Content] body [Ok("")];200;226
2019-03-20 15:39:38;SimpleConsoleRust;14;2;RUST status [204 No Content] body [Ok("")];200;228
2019-03-20 15:39:38;SimpleConsoleRust;14;4;RUST status [204 No Content] body [Ok("")];200;228
2019-03-20 15:39:38;SimpleConsoleRust;14;5;RUST status [204 No Content] body [Ok("")];200;230
2019-03-20 15:39:38;SimpleConsoleRust;14;3;RUST status [204 No Content] body [Ok("")];200;231
2019-03-20 15:39:38;SimpleConsoleRust;14;7;RUST status [204 No Content] body [Ok("")];200;231
2019-03-20 15:39:38;SimpleConsoleRust;14;8;RUST status [204 No Content] body [Ok("")];200;231
2019-03-20 15:39:39;SimpleConsoleRust;15;0;RUST status [204 No Content] body [Ok("")];200;236
2019-03-20 15:39:39;SimpleConsoleRust;15;3;RUST status [204 No Content] body [Ok("")];200;235
2019-03-20 15:39:39;SimpleConsoleRust;15;1;RUST status [204 No Content] body [Ok("")];200;236
2019-03-20 15:39:39;SimpleConsoleRust;15;4;RUST status [204 No Content] body [Ok("")];200;240
2019-03-20 15:39:39;SimpleConsoleRust;15;8;RUST status [204 No Content] body [Ok("")];200;241
2019-03-20 15:39:39;SimpleConsoleRust;15;6;RUST status [204 No Content] body [Ok("")];200;241
2019-03-20 15:39:39;SimpleConsoleRust;15;7;RUST status [204 No Content] body [Ok("")];200;247
2019-03-20 15:39:39;SimpleConsoleRust;15;5;RUST status [204 No Content] body [Ok("")];200;248
2019-03-20 15:39:39;SimpleConsoleRust;15;2;RUST status [204 No Content] body [Ok("")];200;248
2019-03-20 15:39:39;SimpleConsoleRust;15;9;RUST status [204 No Content] body [Ok("")];200;249
2019-03-20 15:39:40;SimpleConsoleRust;16;4;RUST status [204 No Content] body [Ok("")];200;221
2019-03-20 15:39:40;SimpleConsoleRust;16;8;RUST status [204 No Content] body [Ok("")];200;221
2019-03-20 15:39:40;SimpleConsoleRust;16;1;RUST status [204 No Content] body [Ok("")];200;224
2019-03-20 15:39:40;SimpleConsoleRust;16;2;RUST status [204 No Content] body [Ok("")];200;231
2019-03-20 15:39:40;SimpleConsoleRust;16;7;RUST status [204 No Content] body [Ok("")];200;229
2019-03-20 15:39:40;SimpleConsoleRust;16;3;RUST status [204 No Content] body [Ok("")];200;232
2019-03-20 15:39:40;SimpleConsoleRust;16;6;RUST status [204 No Content] body [Ok("")];200;233
2019-03-20 15:39:40;SimpleConsoleRust;16;9;RUST status [204 No Content] body [Ok("")];200;232
2019-03-20 15:39:40;SimpleConsoleRust;16;5;RUST status [204 No Content] body [Ok("")];200;235
2019-03-20 15:39:40;SimpleConsoleRust;16;0;RUST status [204 No Content] body [Ok("")];200;241
2019-03-20 15:39:42;SimpleConsoleRust;17;0;RUST status [204 No Content] body [Ok("")];200;230
2019-03-20 15:39:42;SimpleConsoleRust;17;8;RUST status [204 No Content] body [Ok("")];200;232
2019-03-20 15:39:42;SimpleConsoleRust;17;3;RUST status [204 No Content] body [Ok("")];200;238
2019-03-20 15:39:42;SimpleConsoleRust;17;7;RUST status [204 No Content] body [Ok("")];200;238
2019-03-20 15:39:42;SimpleConsoleRust;17;9;RUST status [204 No Content] body [Ok("")];200;239
2019-03-20 15:39:42;SimpleConsoleRust;17;1;RUST status [204 No Content] body [Ok("")];200;242
2019-03-20 15:39:42;SimpleConsoleRust;17;4;RUST status [204 No Content] body [Ok("")];200;241
2019-03-20 15:39:42;SimpleConsoleRust;17;6;RUST status [204 No Content] body [Ok("")];200;241
2019-03-20 15:39:42;SimpleConsoleRust;17;2;RUST status [204 No Content] body [Ok("")];200;246
2019-03-20 15:39:42;SimpleConsoleRust;17;5;RUST status [204 No Content] body [Ok("")];200;248
2019-03-20 15:39:43;SimpleConsoleRust;18;0;RUST status [204 No Content] body [Ok("")];200;229
2019-03-20 15:39:43;SimpleConsoleRust;18;3;RUST status [204 No Content] body [Ok("")];200;233
2019-03-20 15:39:43;SimpleConsoleRust;18;7;RUST status [204 No Content] body [Ok("")];200;237
2019-03-20 15:39:43;SimpleConsoleRust;18;6;RUST status [204 No Content] body [Ok("")];200;238
2019-03-20 15:39:43;SimpleConsoleRust;18;1;RUST status [204 No Content] body [Ok("")];200;240
2019-03-20 15:39:43;SimpleConsoleRust;18;4;RUST status [204 No Content] body [Ok("")];200;240
2019-03-20 15:39:43;SimpleConsoleRust;18;9;RUST status [204 No Content] body [Ok("")];200;239
2019-03-20 15:39:43;SimpleConsoleRust;18;5;RUST status [204 No Content] body [Ok("")];200;242
2019-03-20 15:39:43;SimpleConsoleRust;18;8;RUST status [204 No Content] body [Ok("")];200;239
2019-03-20 15:39:43;SimpleConsoleRust;18;2;RUST status [204 No Content] body [Ok("")];200;244
2019-03-20 15:39:44;SimpleConsoleRust;19;0;RUST status [204 No Content] body [Ok("")];200;217
2019-03-20 15:39:44;SimpleConsoleRust;19;8;RUST status [204 No Content] body [Ok("")];200;219
2019-03-20 15:39:44;SimpleConsoleRust;19;2;RUST status [204 No Content] body [Ok("")];200;224
2019-03-20 15:39:44;SimpleConsoleRust;19;5;RUST status [204 No Content] body [Ok("")];200;224
2019-03-20 15:39:44;SimpleConsoleRust;19;1;RUST status [204 No Content] body [Ok("")];200;228
2019-03-20 15:39:44;SimpleConsoleRust;19;9;RUST status [204 No Content] body [Ok("")];200;229
2019-03-20 15:39:44;SimpleConsoleRust;19;3;RUST status [204 No Content] body [Ok("")];200;231
2019-03-20 15:39:44;SimpleConsoleRust;19;6;RUST status [204 No Content] body [Ok("")];200;230
2019-03-20 15:39:44;SimpleConsoleRust;19;4;RUST status [204 No Content] body [Ok("")];200;232
2019-03-20 15:39:44;SimpleConsoleRust;19;7;RUST status [204 No Content] body [Ok("")];200;240
