2019-03-20 10:02:06;SimpleConsoleNoCache;0;3;status : 204 body (<empty>);200;1132
2019-03-20 10:02:06;SimpleConsoleNoCache;0;8;status : 204 body (<empty>);200;1133
2019-03-20 10:02:06;SimpleConsoleNoCache;0;0;status : 204 body (<empty>);200;1134
2019-03-20 10:02:06;SimpleConsoleNoCache;0;4;status : 204 body (<empty>);200;1129
2019-03-20 10:02:06;SimpleConsoleNoCache;0;9;status : 204 body (<empty>);200;1133
2019-03-20 10:02:06;SimpleConsoleNoCache;0;6;status : 204 body (<empty>);200;1134
2019-03-20 10:02:06;SimpleConsoleNoCache;0;7;status : 204 body (<empty>);200;1134
2019-03-20 10:02:06;SimpleConsoleNoCache;0;5;status : 204 body (<empty>);200;1134
2019-03-20 10:02:06;SimpleConsoleNoCache;0;2;status : 204 body (<empty>);200;1134
2019-03-20 10:02:06;SimpleConsoleNoCache;0;1;status : 204 body (<empty>);200;1136
2019-03-20 10:02:08;SimpleConsoleNoCache;1;9;status : 204 body (<empty>);200;165
2019-03-20 10:02:08;SimpleConsoleNoCache;1;0;status : 204 body (<empty>);200;193
2019-03-20 10:02:08;SimpleConsoleNoCache;1;1;status : 204 body (<empty>);200;196
2019-03-20 10:02:08;SimpleConsoleNoCache;1;7;status : 204 body (<empty>);200;179
2019-03-20 10:02:08;SimpleConsoleNoCache;1;6;status : 204 body (<empty>);200;253
2019-03-20 10:02:08;SimpleConsoleNoCache;1;5;status : 204 body (<empty>);200;311
2019-03-20 10:02:08;SimpleConsoleNoCache;1;8;status : 204 body (<empty>);200;296
2019-03-20 10:02:08;SimpleConsoleNoCache;1;2;status : 204 body (<empty>);200;317
2019-03-20 10:02:08;SimpleConsoleNoCache;1;4;status : 204 body (<empty>);200;318
2019-03-20 10:02:08;SimpleConsoleNoCache;1;3;status : 204 body (<empty>);200;319
2019-03-20 10:02:09;SimpleConsoleNoCache;2;5;status : 204 body (<empty>);200;155
2019-03-20 10:02:09;SimpleConsoleNoCache;2;1;status : 204 body (<empty>);200;167
2019-03-20 10:02:09;SimpleConsoleNoCache;2;0;status : 204 body (<empty>);200;167
2019-03-20 10:02:09;SimpleConsoleNoCache;2;3;status : 204 body (<empty>);200;182
2019-03-20 10:02:09;SimpleConsoleNoCache;2;4;status : 204 body (<empty>);200;185
2019-03-20 10:02:09;SimpleConsoleNoCache;2;2;status : 204 body (<empty>);200;283
2019-03-20 10:02:09;SimpleConsoleNoCache;2;6;status : 204 body (<empty>);200;298
2019-03-20 10:02:09;SimpleConsoleNoCache;2;8;status : 204 body (<empty>);200;315
2019-03-20 10:02:09;SimpleConsoleNoCache;2;9;status : 204 body (<empty>);200;255
2019-03-20 10:02:09;SimpleConsoleNoCache;2;7;status : 204 body (<empty>);200;344
2019-03-20 10:02:10;SimpleConsoleNoCache;3;1;status : 204 body (<empty>);200;160
2019-03-20 10:02:10;SimpleConsoleNoCache;3;6;status : 204 body (<empty>);200;160
2019-03-20 10:02:10;SimpleConsoleNoCache;3;0;status : 204 body (<empty>);200;168
2019-03-20 10:02:10;SimpleConsoleNoCache;3;7;status : 204 body (<empty>);200;166
2019-03-20 10:02:10;SimpleConsoleNoCache;3;3;status : 204 body (<empty>);200;175
2019-03-20 10:02:10;SimpleConsoleNoCache;3;9;status : 204 body (<empty>);200;262
2019-03-20 10:02:10;SimpleConsoleNoCache;3;5;status : 204 body (<empty>);200;268
2019-03-20 10:02:10;SimpleConsoleNoCache;3;2;status : 204 body (<empty>);200;272
2019-03-20 10:02:10;SimpleConsoleNoCache;3;4;status : 204 body (<empty>);200;278
2019-03-20 10:02:10;SimpleConsoleNoCache;3;8;status : 204 body (<empty>);200;282
2019-03-20 10:02:12;SimpleConsoleNoCache;4;1;status : 204 body (<empty>);200;150
2019-03-20 10:02:12;SimpleConsoleNoCache;4;3;status : 204 body (<empty>);200;157
2019-03-20 10:02:12;SimpleConsoleNoCache;4;7;status : 204 body (<empty>);200;157
2019-03-20 10:02:12;SimpleConsoleNoCache;4;0;status : 204 body (<empty>);200;163
2019-03-20 10:02:12;SimpleConsoleNoCache;4;4;status : 204 body (<empty>);200;168
2019-03-20 10:02:12;SimpleConsoleNoCache;4;8;status : 204 body (<empty>);200;263
2019-03-20 10:02:12;SimpleConsoleNoCache;4;6;status : 204 body (<empty>);200;266
2019-03-20 10:02:12;SimpleConsoleNoCache;4;9;status : 204 body (<empty>);200;266
2019-03-20 10:02:12;SimpleConsoleNoCache;4;2;status : 204 body (<empty>);200;279
2019-03-20 10:02:12;SimpleConsoleNoCache;4;5;status : 204 body (<empty>);200;278
2019-03-20 10:02:13;SimpleConsoleNoCache;5;2;status : 204 body (<empty>);200;171
2019-03-20 10:02:13;SimpleConsoleNoCache;5;8;status : 204 body (<empty>);200;175
2019-03-20 10:02:13;SimpleConsoleNoCache;5;7;status : 204 body (<empty>);200;176
2019-03-20 10:02:13;SimpleConsoleNoCache;5;5;status : 204 body (<empty>);200;178
2019-03-20 10:02:13;SimpleConsoleNoCache;5;0;status : 204 body (<empty>);200;188
2019-03-20 10:02:13;SimpleConsoleNoCache;5;6;status : 204 body (<empty>);200;277
2019-03-20 10:02:13;SimpleConsoleNoCache;5;3;status : 204 body (<empty>);200;282
2019-03-20 10:02:13;SimpleConsoleNoCache;5;4;status : 204 body (<empty>);200;284
2019-03-20 10:02:13;SimpleConsoleNoCache;5;1;status : 204 body (<empty>);200;287
2019-03-20 10:02:13;SimpleConsoleNoCache;5;9;status : 204 body (<empty>);200;284
2019-03-20 10:02:14;SimpleConsoleNoCache;6;7;status : 204 body (<empty>);200;143
2019-03-20 10:02:14;SimpleConsoleNoCache;6;4;status : 204 body (<empty>);200;148
2019-03-20 10:02:14;SimpleConsoleNoCache;6;1;status : 204 body (<empty>);200;149
2019-03-20 10:02:14;SimpleConsoleNoCache;6;6;status : 204 body (<empty>);200;151
2019-03-20 10:02:14;SimpleConsoleNoCache;6;2;status : 204 body (<empty>);200;160
2019-03-20 10:02:14;SimpleConsoleNoCache;6;3;status : 204 body (<empty>);200;258
2019-03-20 10:02:14;SimpleConsoleNoCache;6;0;status : 204 body (<empty>);200;262
2019-03-20 10:02:14;SimpleConsoleNoCache;6;9;status : 204 body (<empty>);200;262
2019-03-20 10:02:14;SimpleConsoleNoCache;6;5;status : 204 body (<empty>);200;299
2019-03-20 10:02:14;SimpleConsoleNoCache;6;8;status : 204 body (<empty>);200;299
2019-03-20 10:02:16;SimpleConsoleNoCache;7;1;status : 204 body (<empty>);200;146
2019-03-20 10:02:16;SimpleConsoleNoCache;7;0;status : 204 body (<empty>);200;147
2019-03-20 10:02:16;SimpleConsoleNoCache;7;2;status : 204 body (<empty>);200;152
2019-03-20 10:02:16;SimpleConsoleNoCache;7;5;status : 204 body (<empty>);200;155
2019-03-20 10:02:16;SimpleConsoleNoCache;7;7;status : 204 body (<empty>);200;154
2019-03-20 10:02:16;SimpleConsoleNoCache;7;8;status : 204 body (<empty>);200;257
2019-03-20 10:02:16;SimpleConsoleNoCache;7;4;status : 204 body (<empty>);200;261
2019-03-20 10:02:16;SimpleConsoleNoCache;7;6;status : 204 body (<empty>);200;262
2019-03-20 10:02:16;SimpleConsoleNoCache;7;3;status : 204 body (<empty>);200;267
2019-03-20 10:02:16;SimpleConsoleNoCache;7;9;status : 204 body (<empty>);200;265
2019-03-20 10:02:17;SimpleConsoleNoCache;8;1;status : 204 body (<empty>);200;153
2019-03-20 10:02:17;SimpleConsoleNoCache;8;7;status : 204 body (<empty>);200;152
2019-03-20 10:02:17;SimpleConsoleNoCache;8;0;status : 204 body (<empty>);200;157
2019-03-20 10:02:17;SimpleConsoleNoCache;8;2;status : 204 body (<empty>);200;164
2019-03-20 10:02:17;SimpleConsoleNoCache;8;3;status : 204 body (<empty>);200;171
2019-03-20 10:02:17;SimpleConsoleNoCache;8;8;status : 204 body (<empty>);200;264
2019-03-20 10:02:17;SimpleConsoleNoCache;8;5;status : 204 body (<empty>);200;270
2019-03-20 10:02:17;SimpleConsoleNoCache;8;9;status : 204 body (<empty>);200;270
2019-03-20 10:02:17;SimpleConsoleNoCache;8;6;status : 204 body (<empty>);200;280
2019-03-20 10:02:17;SimpleConsoleNoCache;8;4;status : 204 body (<empty>);200;282
2019-03-20 10:02:18;SimpleConsoleNoCache;9;5;status : 204 body (<empty>);200;152
2019-03-20 10:02:18;SimpleConsoleNoCache;9;3;status : 204 body (<empty>);200;162
2019-03-20 10:02:18;SimpleConsoleNoCache;9;9;status : 204 body (<empty>);200;159
2019-03-20 10:02:18;SimpleConsoleNoCache;9;8;status : 204 body (<empty>);200;166
2019-03-20 10:02:18;SimpleConsoleNoCache;9;4;status : 204 body (<empty>);200;169
2019-03-20 10:02:18;SimpleConsoleNoCache;9;0;status : 204 body (<empty>);200;269
2019-03-20 10:02:18;SimpleConsoleNoCache;9;6;status : 204 body (<empty>);200;278
2019-03-20 10:02:18;SimpleConsoleNoCache;9;1;status : 204 body (<empty>);200;281
2019-03-20 10:02:18;SimpleConsoleNoCache;9;2;status : 204 body (<empty>);200;285
2019-03-20 10:02:18;SimpleConsoleNoCache;9;7;status : 204 body (<empty>);200;282
2019-03-20 10:02:20;SimpleConsoleNoCache;10;1;status : 204 body (<empty>);200;164
2019-03-20 10:02:20;SimpleConsoleNoCache;10;6;status : 204 body (<empty>);200;173
2019-03-20 10:02:20;SimpleConsoleNoCache;10;5;status : 204 body (<empty>);200;173
2019-03-20 10:02:20;SimpleConsoleNoCache;10;8;status : 204 body (<empty>);200;168
2019-03-20 10:02:20;SimpleConsoleNoCache;10;2;status : 204 body (<empty>);200;180
2019-03-20 10:02:20;SimpleConsoleNoCache;10;7;status : 204 body (<empty>);200;275
2019-03-20 10:02:20;SimpleConsoleNoCache;10;3;status : 204 body (<empty>);200;278
2019-03-20 10:02:20;SimpleConsoleNoCache;10;0;status : 204 body (<empty>);200;279
2019-03-20 10:02:20;SimpleConsoleNoCache;10;9;status : 204 body (<empty>);200;281
2019-03-20 10:02:20;SimpleConsoleNoCache;10;4;status : 204 body (<empty>);200;287
2019-03-20 10:02:21;SimpleConsoleNoCache;11;3;status : 204 body (<empty>);200;150
2019-03-20 10:02:21;SimpleConsoleNoCache;11;1;status : 204 body (<empty>);200;153
2019-03-20 10:02:21;SimpleConsoleNoCache;11;0;status : 204 body (<empty>);200;163
2019-03-20 10:02:21;SimpleConsoleNoCache;11;8;status : 204 body (<empty>);200;162
2019-03-20 10:02:21;SimpleConsoleNoCache;11;9;status : 204 body (<empty>);200;169
2019-03-20 10:02:21;SimpleConsoleNoCache;11;7;status : 204 body (<empty>);200;275
2019-03-20 10:02:21;SimpleConsoleNoCache;11;4;status : 204 body (<empty>);200;283
2019-03-20 10:02:21;SimpleConsoleNoCache;11;5;status : 204 body (<empty>);200;289
2019-03-20 10:02:21;SimpleConsoleNoCache;11;2;status : 204 body (<empty>);200;295
2019-03-20 10:02:21;SimpleConsoleNoCache;11;6;status : 204 body (<empty>);200;315
2019-03-20 10:02:22;SimpleConsoleNoCache;12;1;status : 204 body (<empty>);200;146
2019-03-20 10:02:22;SimpleConsoleNoCache;12;9;status : 204 body (<empty>);200;144
2019-03-20 10:02:22;SimpleConsoleNoCache;12;3;status : 204 body (<empty>);200;149
2019-03-20 10:02:22;SimpleConsoleNoCache;12;5;status : 204 body (<empty>);200;149
2019-03-20 10:02:22;SimpleConsoleNoCache;12;2;status : 204 body (<empty>);200;155
2019-03-20 10:02:22;SimpleConsoleNoCache;12;0;status : 204 body (<empty>);200;247
2019-03-20 10:02:22;SimpleConsoleNoCache;12;6;status : 204 body (<empty>);200;247
2019-03-20 10:02:22;SimpleConsoleNoCache;12;4;status : 204 body (<empty>);200;261
2019-03-20 10:02:22;SimpleConsoleNoCache;12;7;status : 204 body (<empty>);200;260
2019-03-20 10:02:22;SimpleConsoleNoCache;12;8;status : 204 body (<empty>);200;260
2019-03-20 10:02:24;SimpleConsoleNoCache;13;3;status : 204 body (<empty>);200;146
2019-03-20 10:02:24;SimpleConsoleNoCache;13;9;status : 204 body (<empty>);200;143
2019-03-20 10:02:24;SimpleConsoleNoCache;13;0;status : 204 body (<empty>);200;147
2019-03-20 10:02:24;SimpleConsoleNoCache;13;5;status : 204 body (<empty>);200;151
2019-03-20 10:02:24;SimpleConsoleNoCache;13;1;status : 204 body (<empty>);200;153
2019-03-20 10:02:24;SimpleConsoleNoCache;13;4;status : 204 body (<empty>);200;247
2019-03-20 10:02:24;SimpleConsoleNoCache;13;8;status : 204 body (<empty>);200;252
2019-03-20 10:02:24;SimpleConsoleNoCache;13;6;status : 204 body (<empty>);200;253
2019-03-20 10:02:24;SimpleConsoleNoCache;13;7;status : 204 body (<empty>);200;254
2019-03-20 10:02:24;SimpleConsoleNoCache;13;2;status : 204 body (<empty>);200;259
2019-03-20 10:02:25;SimpleConsoleNoCache;14;3;status : 204 body (<empty>);200;146
2019-03-20 10:02:25;SimpleConsoleNoCache;14;0;status : 204 body (<empty>);200;148
2019-03-20 10:02:25;SimpleConsoleNoCache;14;4;status : 204 body (<empty>);200;148
2019-03-20 10:02:25;SimpleConsoleNoCache;14;1;status : 204 body (<empty>);200;153
2019-03-20 10:02:25;SimpleConsoleNoCache;14;7;status : 204 body (<empty>);200;155
2019-03-20 10:02:25;SimpleConsoleNoCache;14;9;status : 204 body (<empty>);200;261
2019-03-20 10:02:25;SimpleConsoleNoCache;14;2;status : 204 body (<empty>);200;267
2019-03-20 10:02:25;SimpleConsoleNoCache;14;5;status : 204 body (<empty>);200;265
2019-03-20 10:02:25;SimpleConsoleNoCache;14;6;status : 204 body (<empty>);200;280
2019-03-20 10:02:25;SimpleConsoleNoCache;14;8;status : 204 body (<empty>);200;277
2019-03-20 10:02:26;SimpleConsoleNoCache;15;4;status : 204 body (<empty>);200;147
2019-03-20 10:02:26;SimpleConsoleNoCache;15;1;status : 204 body (<empty>);200;149
2019-03-20 10:02:26;SimpleConsoleNoCache;15;7;status : 204 body (<empty>);200;146
2019-03-20 10:02:26;SimpleConsoleNoCache;15;6;status : 204 body (<empty>);200;151
2019-03-20 10:02:26;SimpleConsoleNoCache;15;3;status : 204 body (<empty>);200;158
2019-03-20 10:02:26;SimpleConsoleNoCache;15;2;status : 204 body (<empty>);200;256
2019-03-20 10:02:26;SimpleConsoleNoCache;15;5;status : 204 body (<empty>);200;264
2019-03-20 10:02:26;SimpleConsoleNoCache;15;0;status : 204 body (<empty>);200;266
2019-03-20 10:02:26;SimpleConsoleNoCache;15;9;status : 204 body (<empty>);200;264
2019-03-20 10:02:26;SimpleConsoleNoCache;15;8;status : 204 body (<empty>);200;269
2019-03-20 10:02:28;SimpleConsoleNoCache;16;0;status : 204 body (<empty>);200;149
2019-03-20 10:02:28;SimpleConsoleNoCache;16;7;status : 204 body (<empty>);200;149
2019-03-20 10:02:28;SimpleConsoleNoCache;16;6;status : 204 body (<empty>);200;171
2019-03-20 10:02:28;SimpleConsoleNoCache;16;3;status : 204 body (<empty>);200;183
2019-03-20 10:02:28;SimpleConsoleNoCache;16;1;status : 204 body (<empty>);200;192
2019-03-20 10:02:28;SimpleConsoleNoCache;16;4;status : 204 body (<empty>);200;242
2019-03-20 10:02:28;SimpleConsoleNoCache;16;2;status : 204 body (<empty>);200;244
2019-03-20 10:02:28;SimpleConsoleNoCache;16;8;status : 204 body (<empty>);200;243
2019-03-20 10:02:28;SimpleConsoleNoCache;16;9;status : 204 body (<empty>);200;244
2019-03-20 10:02:28;SimpleConsoleNoCache;16;5;status : 204 body (<empty>);200;252
2019-03-20 10:02:29;SimpleConsoleNoCache;17;9;status : 204 body (<empty>);200;144
2019-03-20 10:02:29;SimpleConsoleNoCache;17;3;status : 204 body (<empty>);200;145
2019-03-20 10:02:29;SimpleConsoleNoCache;17;4;status : 204 body (<empty>);200;147
2019-03-20 10:02:29;SimpleConsoleNoCache;17;2;status : 204 body (<empty>);200;152
2019-03-20 10:02:29;SimpleConsoleNoCache;17;5;status : 204 body (<empty>);200;151
2019-03-20 10:02:29;SimpleConsoleNoCache;17;0;status : 204 body (<empty>);200;245
2019-03-20 10:02:29;SimpleConsoleNoCache;17;7;status : 204 body (<empty>);200;250
2019-03-20 10:02:29;SimpleConsoleNoCache;17;6;status : 204 body (<empty>);200;256
2019-03-20 10:02:29;SimpleConsoleNoCache;17;8;status : 204 body (<empty>);200;258
2019-03-20 10:02:29;SimpleConsoleNoCache;17;1;status : 204 body (<empty>);200;264
2019-03-20 10:02:30;SimpleConsoleNoCache;18;7;status : 204 body (<empty>);200;152
2019-03-20 10:02:30;SimpleConsoleNoCache;18;5;status : 204 body (<empty>);200;154
2019-03-20 10:02:30;SimpleConsoleNoCache;18;3;status : 204 body (<empty>);200;156
2019-03-20 10:02:30;SimpleConsoleNoCache;18;4;status : 204 body (<empty>);200;155
2019-03-20 10:02:30;SimpleConsoleNoCache;18;1;status : 204 body (<empty>);200;158
2019-03-20 10:02:30;SimpleConsoleNoCache;18;6;status : 204 body (<empty>);200;259
2019-03-20 10:02:30;SimpleConsoleNoCache;18;8;status : 204 body (<empty>);200;259
2019-03-20 10:02:30;SimpleConsoleNoCache;18;2;status : 204 body (<empty>);200;267
2019-03-20 10:02:30;SimpleConsoleNoCache;18;0;status : 204 body (<empty>);200;268
2019-03-20 10:02:30;SimpleConsoleNoCache;18;9;status : 204 body (<empty>);200;270
2019-03-20 10:02:32;SimpleConsoleNoCache;19;6;status : 204 body (<empty>);200;151
2019-03-20 10:02:32;SimpleConsoleNoCache;19;5;status : 204 body (<empty>);200;153
2019-03-20 10:02:32;SimpleConsoleNoCache;19;3;status : 204 body (<empty>);200;156
2019-03-20 10:02:32;SimpleConsoleNoCache;19;2;status : 204 body (<empty>);200;162
2019-03-20 10:02:32;SimpleConsoleNoCache;19;4;status : 204 body (<empty>);200;172
2019-03-20 10:02:32;SimpleConsoleNoCache;19;1;status : 204 body (<empty>);200;269
2019-03-20 10:02:32;SimpleConsoleNoCache;19;0;status : 204 body (<empty>);200;279
2019-03-20 10:02:32;SimpleConsoleNoCache;19;9;status : 204 body (<empty>);200;272
2019-03-20 10:02:32;SimpleConsoleNoCache;19;7;status : 204 body (<empty>);200;279
2019-03-20 10:02:32;SimpleConsoleNoCache;19;8;status : 204 body (<empty>);200;277
