2019-03-20 21:14:16;SimpleConsoleRuby;0;5;Integration 271 done  Status code: 204;200;1446
2019-03-20 21:14:16;SimpleConsoleRuby;0;3;Integration 271 done  Status code: 204;200;1446
2019-03-20 21:14:16;SimpleConsoleRuby;0;6;Integration 271 done  Status code: 204;200;1446
2019-03-20 21:14:16;SimpleConsoleRuby;0;9;Integration 271 done  Status code: 204;200;1446
2019-03-20 21:14:16;SimpleConsoleRuby;0;8;Integration 271 done  Status code: 204;200;1513
2019-03-20 21:14:16;SimpleConsoleRuby;0;1;Integration 271 done  Status code: 204;200;1514
2019-03-20 21:14:16;SimpleConsoleRuby;0;0;Integration 271 done  Status code: 204;200;1516
2019-03-20 21:14:16;SimpleConsoleRuby;0;2;Integration 271 done  Status code: 204;200;1522
2019-03-20 21:14:16;SimpleConsoleRuby;0;7;Integration 271 done  Status code: 204;200;1545
2019-03-20 21:14:16;SimpleConsoleRuby;0;4;Integration 271 done  Status code: 204;200;1585
2019-03-20 21:14:18;SimpleConsoleRuby;1;0;Integration 271 done  Status code: 204;200;117
2019-03-20 21:14:18;SimpleConsoleRuby;1;3;Integration 271 done  Status code: 204;200;118
2019-03-20 21:14:18;SimpleConsoleRuby;1;1;Integration 271 done  Status code: 204;200;119
2019-03-20 21:14:18;SimpleConsoleRuby;1;7;Integration 271 done  Status code: 204;200;120
2019-03-20 21:14:18;SimpleConsoleRuby;1;4;Integration 271 done  Status code: 204;200;125
2019-03-20 21:14:18;SimpleConsoleRuby;1;5;Integration 271 done  Status code: 204;200;125
2019-03-20 21:14:18;SimpleConsoleRuby;1;6;Integration 271 done  Status code: 204;200;127
2019-03-20 21:14:18;SimpleConsoleRuby;1;9;Integration 271 done  Status code: 204;200;125
2019-03-20 21:14:18;SimpleConsoleRuby;1;8;Integration 271 done  Status code: 204;200;128
2019-03-20 21:14:18;SimpleConsoleRuby;1;2;Integration 271 done  Status code: 204;200;135
2019-03-20 21:14:19;SimpleConsoleRuby;2;9;Integration 271 done  Status code: 204;200;117
2019-03-20 21:14:19;SimpleConsoleRuby;2;3;Integration 271 done  Status code: 204;200;121
2019-03-20 21:14:19;SimpleConsoleRuby;2;2;Integration 271 done  Status code: 204;200;123
2019-03-20 21:14:19;SimpleConsoleRuby;2;8;Integration 271 done  Status code: 204;200;123
2019-03-20 21:14:19;SimpleConsoleRuby;2;6;Integration 271 done  Status code: 204;200;127
2019-03-20 21:14:19;SimpleConsoleRuby;2;4;Integration 271 done  Status code: 204;200;128
2019-03-20 21:14:19;SimpleConsoleRuby;2;1;Integration 271 done  Status code: 204;200;129
2019-03-20 21:14:19;SimpleConsoleRuby;2;0;Integration 271 done  Status code: 204;200;129
2019-03-20 21:14:19;SimpleConsoleRuby;2;5;Integration 271 done  Status code: 204;200;129
2019-03-20 21:14:19;SimpleConsoleRuby;2;7;Integration 271 done  Status code: 204;200;147
2019-03-20 21:14:20;SimpleConsoleRuby;3;4;Integration 271 done  Status code: 204;200;140
2019-03-20 21:14:20;SimpleConsoleRuby;3;2;Integration 271 done  Status code: 204;200;141
2019-03-20 21:14:20;SimpleConsoleRuby;3;0;Integration 271 done  Status code: 204;200;143
2019-03-20 21:14:20;SimpleConsoleRuby;3;8;Integration 271 done  Status code: 204;200;135
2019-03-20 21:14:20;SimpleConsoleRuby;3;6;Integration 271 done  Status code: 204;200;143
2019-03-20 21:14:20;SimpleConsoleRuby;3;5;Integration 271 done  Status code: 204;200;147
2019-03-20 21:14:20;SimpleConsoleRuby;3;3;Integration 271 done  Status code: 204;200;151
2019-03-20 21:14:20;SimpleConsoleRuby;3;7;Integration 271 done  Status code: 204;200;148
2019-03-20 21:14:20;SimpleConsoleRuby;3;1;Integration 271 done  Status code: 204;200;181
2019-03-20 21:14:20;SimpleConsoleRuby;3;9;Integration 271 done  Status code: 204;200;152
2019-03-20 21:14:21;SimpleConsoleRuby;4;9;Integration 271 done  Status code: 204;200;123
2019-03-20 21:14:21;SimpleConsoleRuby;4;3;Integration 271 done  Status code: 204;200;128
2019-03-20 21:14:21;SimpleConsoleRuby;4;5;Integration 271 done  Status code: 204;200;129
2019-03-20 21:14:21;SimpleConsoleRuby;4;4;Integration 271 done  Status code: 204;200;132
2019-03-20 21:14:21;SimpleConsoleRuby;4;8;Integration 271 done  Status code: 204;200;129
2019-03-20 21:14:21;SimpleConsoleRuby;4;6;Integration 271 done  Status code: 204;200;131
2019-03-20 21:14:21;SimpleConsoleRuby;4;0;Integration 271 done  Status code: 204;200;135
2019-03-20 21:14:21;SimpleConsoleRuby;4;2;Integration 271 done  Status code: 204;200;136
2019-03-20 21:14:21;SimpleConsoleRuby;4;1;Integration 271 done  Status code: 204;200;137
2019-03-20 21:14:21;SimpleConsoleRuby;4;7;Integration 271 done  Status code: 204;200;147
2019-03-20 21:14:22;SimpleConsoleRuby;5;2;Integration 271 done  Status code: 204;200;120
2019-03-20 21:14:22;SimpleConsoleRuby;5;1;Integration 271 done  Status code: 204;200;122
2019-03-20 21:14:22;SimpleConsoleRuby;5;5;Integration 271 done  Status code: 204;200;120
2019-03-20 21:14:22;SimpleConsoleRuby;5;6;Integration 271 done  Status code: 204;200;123
2019-03-20 21:14:22;SimpleConsoleRuby;5;8;Integration 271 done  Status code: 204;200;124
2019-03-20 21:14:22;SimpleConsoleRuby;5;3;Integration 271 done  Status code: 204;200;133
2019-03-20 21:14:22;SimpleConsoleRuby;5;7;Integration 271 done  Status code: 204;200;143
2019-03-20 21:14:22;SimpleConsoleRuby;5;9;Integration 271 done  Status code: 204;200;142
2019-03-20 21:14:22;SimpleConsoleRuby;5;0;Integration 271 done  Status code: 204;200;238
2019-03-20 21:14:22;SimpleConsoleRuby;5;4;Integration 271 done  Status code: 204;200;249
2019-03-20 21:14:24;SimpleConsoleRuby;6;9;Integration 271 done  Status code: 204;200;123
2019-03-20 21:14:24;SimpleConsoleRuby;6;4;Integration 271 done  Status code: 204;200;126
2019-03-20 21:14:24;SimpleConsoleRuby;6;2;Integration 271 done  Status code: 204;200;127
2019-03-20 21:14:24;SimpleConsoleRuby;6;6;Integration 271 done  Status code: 204;200;125
2019-03-20 21:14:24;SimpleConsoleRuby;6;8;Integration 271 done  Status code: 204;200;125
2019-03-20 21:14:24;SimpleConsoleRuby;6;1;Integration 271 done  Status code: 204;200;131
2019-03-20 21:14:24;SimpleConsoleRuby;6;3;Integration 271 done  Status code: 204;200;130
2019-03-20 21:14:24;SimpleConsoleRuby;6;7;Integration 271 done  Status code: 204;200;130
2019-03-20 21:14:24;SimpleConsoleRuby;6;0;Integration 271 done  Status code: 204;200;135
2019-03-20 21:14:24;SimpleConsoleRuby;6;5;Integration 271 done  Status code: 204;200;182
2019-03-20 21:14:25;SimpleConsoleRuby;7;1;Integration 271 done  Status code: 204;200;135
2019-03-20 21:14:25;SimpleConsoleRuby;7;2;Integration 271 done  Status code: 204;200;135
2019-03-20 21:14:25;SimpleConsoleRuby;7;4;Integration 271 done  Status code: 204;200;136
2019-03-20 21:14:25;SimpleConsoleRuby;7;8;Integration 271 done  Status code: 204;200;137
2019-03-20 21:14:25;SimpleConsoleRuby;7;7;Integration 271 done  Status code: 204;200;143
2019-03-20 21:14:25;SimpleConsoleRuby;7;9;Integration 271 done  Status code: 204;200;147
2019-03-20 21:14:25;SimpleConsoleRuby;7;0;Integration 271 done  Status code: 204;200;159
2019-03-20 21:14:25;SimpleConsoleRuby;7;3;Integration 271 done  Status code: 204;200;159
2019-03-20 21:14:25;SimpleConsoleRuby;7;6;Integration 271 done  Status code: 204;200;162
2019-03-20 21:14:25;SimpleConsoleRuby;7;5;Integration 271 done  Status code: 204;200;190
2019-03-20 21:14:26;SimpleConsoleRuby;8;3;Integration 271 done  Status code: 204;200;118
2019-03-20 21:14:26;SimpleConsoleRuby;8;6;Integration 271 done  Status code: 204;200;122
2019-03-20 21:14:26;SimpleConsoleRuby;8;5;Integration 271 done  Status code: 204;200;130
2019-03-20 21:14:26;SimpleConsoleRuby;8;0;Integration 271 done  Status code: 204;200;136
2019-03-20 21:14:26;SimpleConsoleRuby;8;7;Integration 271 done  Status code: 204;200;140
2019-03-20 21:14:26;SimpleConsoleRuby;8;1;Integration 271 done  Status code: 204;200;143
2019-03-20 21:14:26;SimpleConsoleRuby;8;2;Integration 271 done  Status code: 204;200;148
2019-03-20 21:14:26;SimpleConsoleRuby;8;8;Integration 271 done  Status code: 204;200;152
2019-03-20 21:14:26;SimpleConsoleRuby;8;4;Integration 271 done  Status code: 204;200;183
2019-03-20 21:14:26;SimpleConsoleRuby;8;9;Integration 271 done  Status code: 204;200;204
2019-03-20 21:14:27;SimpleConsoleRuby;9;1;Integration 271 done  Status code: 204;200;123
2019-03-20 21:14:27;SimpleConsoleRuby;9;0;Integration 271 done  Status code: 204;200;126
2019-03-20 21:14:27;SimpleConsoleRuby;9;5;Integration 271 done  Status code: 204;200;124
2019-03-20 21:14:27;SimpleConsoleRuby;9;4;Integration 271 done  Status code: 204;200;126
2019-03-20 21:14:27;SimpleConsoleRuby;9;6;Integration 271 done  Status code: 204;200;124
2019-03-20 21:14:27;SimpleConsoleRuby;9;8;Integration 271 done  Status code: 204;200;124
2019-03-20 21:14:27;SimpleConsoleRuby;9;7;Integration 271 done  Status code: 204;200;126
2019-03-20 21:14:27;SimpleConsoleRuby;9;2;Integration 271 done  Status code: 204;200;129
2019-03-20 21:14:27;SimpleConsoleRuby;9;9;Integration 271 done  Status code: 204;200;164
2019-03-20 21:14:27;SimpleConsoleRuby;9;3;Integration 271 done  Status code: 204;200;169
2019-03-20 21:14:29;SimpleConsoleRuby;10;3;Integration 271 done  Status code: 204;200;114
2019-03-20 21:14:29;SimpleConsoleRuby;10;0;Integration 271 done  Status code: 204;200;121
2019-03-20 21:14:29;SimpleConsoleRuby;10;9;Integration 271 done  Status code: 204;200;118
2019-03-20 21:14:29;SimpleConsoleRuby;10;4;Integration 271 done  Status code: 204;200;120
2019-03-20 21:14:29;SimpleConsoleRuby;10;7;Integration 271 done  Status code: 204;200;121
2019-03-20 21:14:29;SimpleConsoleRuby;10;6;Integration 271 done  Status code: 204;200;121
2019-03-20 21:14:29;SimpleConsoleRuby;10;5;Integration 271 done  Status code: 204;200;123
2019-03-20 21:14:29;SimpleConsoleRuby;10;8;Integration 271 done  Status code: 204;200;125
2019-03-20 21:14:29;SimpleConsoleRuby;10;2;Integration 271 done  Status code: 204;200;136
2019-03-20 21:14:29;SimpleConsoleRuby;10;1;Integration 271 done  Status code: 204;200;174
2019-03-20 21:14:30;SimpleConsoleRuby;11;1;Integration 271 done  Status code: 204;200;118
2019-03-20 21:14:30;SimpleConsoleRuby;11;6;Integration 271 done  Status code: 204;200;121
2019-03-20 21:14:30;SimpleConsoleRuby;11;4;Integration 271 done  Status code: 204;200;122
2019-03-20 21:14:30;SimpleConsoleRuby;11;5;Integration 271 done  Status code: 204;200;122
2019-03-20 21:14:30;SimpleConsoleRuby;11;2;Integration 271 done  Status code: 204;200;124
2019-03-20 21:14:30;SimpleConsoleRuby;11;0;Integration 271 done  Status code: 204;200;125
2019-03-20 21:14:30;SimpleConsoleRuby;11;8;Integration 271 done  Status code: 204;200;120
2019-03-20 21:14:30;SimpleConsoleRuby;11;7;Integration 271 done  Status code: 204;200;125
2019-03-20 21:14:30;SimpleConsoleRuby;11;9;Integration 271 done  Status code: 204;200;123
2019-03-20 21:14:30;SimpleConsoleRuby;11;3;Integration 271 done  Status code: 204;200;129
2019-03-20 21:14:31;SimpleConsoleRuby;12;1;Integration 271 done  Status code: 204;200;119
2019-03-20 21:14:31;SimpleConsoleRuby;12;5;Integration 271 done  Status code: 204;200;122
2019-03-20 21:14:31;SimpleConsoleRuby;12;4;Integration 271 done  Status code: 204;200;126
2019-03-20 21:14:31;SimpleConsoleRuby;12;8;Integration 271 done  Status code: 204;200;126
2019-03-20 21:14:31;SimpleConsoleRuby;12;3;Integration 271 done  Status code: 204;200;129
2019-03-20 21:14:31;SimpleConsoleRuby;12;7;Integration 271 done  Status code: 204;200;128
2019-03-20 21:14:31;SimpleConsoleRuby;12;2;Integration 271 done  Status code: 204;200;129
2019-03-20 21:14:31;SimpleConsoleRuby;12;0;Integration 271 done  Status code: 204;200;132
2019-03-20 21:14:31;SimpleConsoleRuby;12;6;Integration 271 done  Status code: 204;200;131
2019-03-20 21:14:31;SimpleConsoleRuby;12;9;Integration 271 done  Status code: 204;200;162
2019-03-20 21:14:32;SimpleConsoleRuby;13;1;Integration 271 done  Status code: 204;200;118
2019-03-20 21:14:32;SimpleConsoleRuby;13;2;Integration 271 done  Status code: 204;200;117
2019-03-20 21:14:32;SimpleConsoleRuby;13;9;Integration 271 done  Status code: 204;200;116
2019-03-20 21:14:32;SimpleConsoleRuby;13;3;Integration 271 done  Status code: 204;200;121
2019-03-20 21:14:32;SimpleConsoleRuby;13;7;Integration 271 done  Status code: 204;200;116
2019-03-20 21:14:32;SimpleConsoleRuby;13;5;Integration 271 done  Status code: 204;200;122
2019-03-20 21:14:32;SimpleConsoleRuby;13;0;Integration 271 done  Status code: 204;200;124
2019-03-20 21:14:32;SimpleConsoleRuby;13;4;Integration 271 done  Status code: 204;200;123
2019-03-20 21:14:32;SimpleConsoleRuby;13;8;Integration 271 done  Status code: 204;200;120
2019-03-20 21:14:32;SimpleConsoleRuby;13;6;Integration 271 done  Status code: 204;200;189
2019-03-20 21:14:33;SimpleConsoleRuby;14;5;Integration 271 done  Status code: 204;200;116
2019-03-20 21:14:33;SimpleConsoleRuby;14;2;Integration 271 done  Status code: 204;200;120
2019-03-20 21:14:33;SimpleConsoleRuby;14;9;Integration 271 done  Status code: 204;200;118
2019-03-20 21:14:33;SimpleConsoleRuby;14;6;Integration 271 done  Status code: 204;200;119
2019-03-20 21:14:33;SimpleConsoleRuby;14;7;Integration 271 done  Status code: 204;200;130
2019-03-20 21:14:33;SimpleConsoleRuby;14;3;Integration 271 done  Status code: 204;200;131
2019-03-20 21:14:33;SimpleConsoleRuby;14;4;Integration 271 done  Status code: 204;200;131
2019-03-20 21:14:33;SimpleConsoleRuby;14;8;Integration 271 done  Status code: 204;200;131
2019-03-20 21:14:33;SimpleConsoleRuby;14;1;Integration 271 done  Status code: 204;200;146
2019-03-20 21:14:33;SimpleConsoleRuby;14;0;Integration 271 done  Status code: 204;200;192
2019-03-20 21:14:35;SimpleConsoleRuby;15;2;Integration 271 done  Status code: 204;200;115
2019-03-20 21:14:35;SimpleConsoleRuby;15;1;Integration 271 done  Status code: 204;200;115
2019-03-20 21:14:35;SimpleConsoleRuby;15;5;Integration 271 done  Status code: 204;200;116
2019-03-20 21:14:35;SimpleConsoleRuby;15;7;Integration 271 done  Status code: 204;200;115
2019-03-20 21:14:35;SimpleConsoleRuby;15;8;Integration 271 done  Status code: 204;200;118
2019-03-20 21:14:35;SimpleConsoleRuby;15;4;Integration 271 done  Status code: 204;200;119
2019-03-20 21:14:35;SimpleConsoleRuby;15;6;Integration 271 done  Status code: 204;200;118
2019-03-20 21:14:35;SimpleConsoleRuby;15;0;Integration 271 done  Status code: 204;200;120
2019-03-20 21:14:35;SimpleConsoleRuby;15;9;Integration 271 done  Status code: 204;200;122
2019-03-20 21:14:35;SimpleConsoleRuby;15;3;Integration 271 done  Status code: 204;200;124
2019-03-20 21:14:36;SimpleConsoleRuby;16;2;Integration 271 done  Status code: 204;200;120
2019-03-20 21:14:36;SimpleConsoleRuby;16;9;Integration 271 done  Status code: 204;200;120
2019-03-20 21:14:36;SimpleConsoleRuby;16;6;Integration 271 done  Status code: 204;200;122
2019-03-20 21:14:36;SimpleConsoleRuby;16;7;Integration 271 done  Status code: 204;200;120
2019-03-20 21:14:36;SimpleConsoleRuby;16;5;Integration 271 done  Status code: 204;200;124
2019-03-20 21:14:36;SimpleConsoleRuby;16;1;Integration 271 done  Status code: 204;200;127
2019-03-20 21:14:36;SimpleConsoleRuby;16;0;Integration 271 done  Status code: 204;200;127
2019-03-20 21:14:36;SimpleConsoleRuby;16;3;Integration 271 done  Status code: 204;200;126
2019-03-20 21:14:36;SimpleConsoleRuby;16;8;Integration 271 done  Status code: 204;200;130
2019-03-20 21:14:36;SimpleConsoleRuby;16;4;Integration 271 done  Status code: 204;200;149
2019-03-20 21:14:37;SimpleConsoleRuby;17;4;Integration 271 done  Status code: 204;200;116
2019-03-20 21:14:37;SimpleConsoleRuby;17;2;Integration 271 done  Status code: 204;200;121
2019-03-20 21:14:37;SimpleConsoleRuby;17;1;Integration 271 done  Status code: 204;200;123
2019-03-20 21:14:37;SimpleConsoleRuby;17;6;Integration 271 done  Status code: 204;200;122
2019-03-20 21:14:37;SimpleConsoleRuby;17;0;Integration 271 done  Status code: 204;200;125
2019-03-20 21:14:37;SimpleConsoleRuby;17;9;Integration 271 done  Status code: 204;200;124
2019-03-20 21:14:37;SimpleConsoleRuby;17;7;Integration 271 done  Status code: 204;200;126
2019-03-20 21:14:37;SimpleConsoleRuby;17;8;Integration 271 done  Status code: 204;200;129
2019-03-20 21:14:37;SimpleConsoleRuby;17;5;Integration 271 done  Status code: 204;200;161
2019-03-20 21:14:37;SimpleConsoleRuby;17;3;Integration 271 done  Status code: 204;200;221
2019-03-20 21:14:38;SimpleConsoleRuby;18;2;Integration 271 done  Status code: 204;200;114
2019-03-20 21:14:38;SimpleConsoleRuby;18;0;Integration 271 done  Status code: 204;200;115
2019-03-20 21:14:38;SimpleConsoleRuby;18;7;Integration 271 done  Status code: 204;200;117
2019-03-20 21:14:38;SimpleConsoleRuby;18;1;Integration 271 done  Status code: 204;200;120
2019-03-20 21:14:38;SimpleConsoleRuby;18;5;Integration 271 done  Status code: 204;200;119
2019-03-20 21:14:38;SimpleConsoleRuby;18;6;Integration 271 done  Status code: 204;200;122
2019-03-20 21:14:38;SimpleConsoleRuby;18;8;Integration 271 done  Status code: 204;200;121
2019-03-20 21:14:38;SimpleConsoleRuby;18;4;Integration 271 done  Status code: 204;200;128
2019-03-20 21:14:38;SimpleConsoleRuby;18;9;Integration 271 done  Status code: 204;200;158
2019-03-20 21:14:38;SimpleConsoleRuby;18;3;Integration 271 done  Status code: 204;200;160
2019-03-20 21:14:39;SimpleConsoleRuby;19;1;Integration 271 done  Status code: 204;200;116
2019-03-20 21:14:39;SimpleConsoleRuby;19;4;Integration 271 done  Status code: 204;200;119
2019-03-20 21:14:39;SimpleConsoleRuby;19;0;Integration 271 done  Status code: 204;200;121
2019-03-20 21:14:39;SimpleConsoleRuby;19;6;Integration 271 done  Status code: 204;200;120
2019-03-20 21:14:39;SimpleConsoleRuby;19;2;Integration 271 done  Status code: 204;200;122
2019-03-20 21:14:39;SimpleConsoleRuby;19;9;Integration 271 done  Status code: 204;200;121
2019-03-20 21:14:39;SimpleConsoleRuby;19;5;Integration 271 done  Status code: 204;200;125
2019-03-20 21:14:39;SimpleConsoleRuby;19;3;Integration 271 done  Status code: 204;200;125
2019-03-20 21:14:39;SimpleConsoleRuby;19;7;Integration 271 done  Status code: 204;200;119
2019-03-20 21:14:39;SimpleConsoleRuby;19;8;Integration 271 done  Status code: 204;200;130
